data,valor
2004-12-31,-0.3528506375227707
2005-01-03,-0.3499544626593831
2005-01-04,-0.3489890710382504
2005-01-05,-0.30205828779599386
2005-01-06,-0.2946721311475393
2005-01-07,-0.25467213114754017
2005-01-10,-0.23311475409835936
2005-01-11,-0.27765938069216745
2005-01-12,-0.3026320582877986
2005-01-13,-0.26967213114754074
2005-01-14,-0.2753096539162101
2005-01-17,-0.3110473588342444
2005-01-18,-0.32914389799635657
2005-01-19,-0.34081967213114694
2005-01-20,-0.2957832422586506
2005-01-21,-0.43925318761384347
2005-01-24,-0.4540892531876146
2005-01-25,-0.651229508196721
2005-01-26,-0.680236794171222
2005-01-27,-0.672067395264115
2005-01-28,-0.7254098360655767
2005-01-31,-0.7372404371584693
2005-02-01,-0.6682149362477219
2005-02-02,-0.6540983606557376
2005-02-03,-0.5917486338797815
2005-02-04,-0.6200637522768666
2005-02-09,-0.5691803278688532
2005-02-10,-0.6501821493624789
2005-02-11,-0.624608378870672
2005-02-14,-0.5721129326047354
2005-02-15,-0.6227049180327846
2005-02-16,-0.5061095890410954
2005-02-17,-0.5045205479452086
2005-02-18,-0.5809726027397275
2005-02-21,-0.5668767123287672
2005-02-22,-0.5907534246575317
2005-02-23,-0.5803287671232873
2005-02-24,-0.5784657534246556
2005-02-25,-0.46636986301369987
2005-02-28,-0.48704109589041167
2005-03-01,-0.5021917808219207
2005-03-02,-0.5589452054794535
2005-03-03,-0.5571095890410973
2005-03-04,-0.5055479452054783
2005-03-07,-0.48412328767123114
2005-03-08,-0.4825068493150688
2005-03-09,-0.5460958904109603
2005-03-10,-0.5767534246575359
2005-03-11,-0.6395753424657542
2005-03-14,-0.5930136986301342
2005-03-15,-0.583000000000002
2005-03-16,-0.5650821917808209
2005-03-17,-0.6424520547945178
2005-03-18,-0.7192739726027391
2005-03-21,-0.7587260273972625
2005-03-22,-0.6703287671232907
2005-03-23,-0.6213698630136975
2005-03-24,-0.5263013698630132
2005-03-28,-0.5112191780821931
2005-03-29,-0.46376712328767056
2005-03-30,-0.4696712328767134
2005-03-31,-0.45287671232877
2005-04-01,-0.4211506849315043
2005-04-04,-0.41654794520547966
2005-04-05,-0.4076027397260269
2005-04-06,-0.5759178082191774
2005-04-07,-0.411945205479455
2005-04-08,-0.4763698630136979
2005-04-11,-0.5217534246575326
2005-04-12,-0.4475890410958918
2005-04-13,-0.5106164383561662
2005-04-14,-0.5229999999999997
2005-04-15,-0.4496301369863005
2005-04-18,-0.444452054794521
2005-04-19,-0.3724520547945218
2005-04-20,-0.3500000000000014
2005-04-22,-0.3264246575342469
2005-04-25,-0.3362876712328777
2005-04-26,-0.3349452054794533
2005-04-27,-0.3336027397260253
2005-04-28,-0.37294520547945353
2005-04-29,-0.3714383561643828
2005-05-02,-0.4136164383561649
2005-05-03,-0.37205479452054746
2005-05-04,-0.3771369863013696
2005-05-05,-0.38216438356164417
2005-05-06,-0.3477671232876709
2005-05-09,-0.4211643835616421
2005-05-10,-0.41938356164383706
2005-05-11,-0.3919041095890421
2005-05-12,-0.38383561643835407
2005-05-13,-0.3312328767123276
2005-05-16,-0.3646849315068508
2005-05-17,-0.30049315068493243
2005-05-18,-0.3365753424657534
2005-05-19,-0.35371232876712355
2005-05-20,-0.3274383561643859
2005-05-23,-0.3596575342465762
2005-05-24,-0.3459041095890427
2005-05-25,-0.31413698630137077
2005-05-27,-0.35319178082191627
2005-05-30,-0.2597808219178077
2005-05-31,-0.3173424657534234
2005-06-01,-0.29246575342465775
2005-06-02,-0.2678082191780824
2005-06-03,-0.16804109589040905
2005-06-06,-0.25134246575342445
2005-06-07,-0.09505524861878811
2005-06-08,-0.11859116022099414
2005-06-09,-0.09732044198895196
2005-06-10,-0.07944751381215553
2005-06-13,-0.22127071823204503
2005-06-14,-0.1873204419889518
2005-06-15,-0.16226519337016754
2005-06-16,-0.20602209944751237
2005-06-17,-0.00491712707182046
2005-06-20,-0.21044198895027932
2005-06-21,-0.18839779005524804
2005-06-22,-0.1889226519337015
2005-06-23,-0.17953038674033195
2005-06-24,-0.207900552486187
2005-06-27,-0.23522099447513511
2005-06-28,-0.2340055248618782
2005-06-29,-0.31248618784530535
2005-06-30,-0.24091160220994823
2005-07-01,-0.26926630434782695
2005-07-04,-0.274673913043479
2005-07-05,-0.2731521739130436
2005-07-06,-0.2813315217391299
2005-07-07,-0.2508152173913061
2005-07-08,-0.2589945652173924
2005-07-11,-0.25459239130434597
2005-07-12,-0.234375
2005-07-13,-0.24233695652173637
2005-07-14,-0.25945652173913203
2005-07-15,-0.23029891304347672
2005-07-18,-0.21717391304348155
2005-07-19,-0.22486413043478137
2005-07-20,-0.2235054347826093
2005-07-21,-0.2221467391304337
2005-07-22,-0.1766304347826093
2005-07-25,-0.18203804347826136
2005-07-26,-0.39436141304348027
2005-07-27,-0.5361548913043492
2005-07-28,-0.6526358695652199
2005-07-29,-0.6805027173913025
2005-08-01,-0.7894972826086963
2005-08-02,-0.7623097826086962
2005-08-03,-0.8426358695652176
2005-08-04,-0.8890624999999979
2005-08-05,-0.9288722826086975
2005-08-08,-0.9140896739130433
2005-08-09,-0.9280842391304347
2005-08-10,-0.9451630434782601
2005-08-11,-0.8645923913043454
2005-08-12,-0.9334103260869533
2005-08-15,-0.913233695652174
2005-08-16,-0.8878668478260892
2005-08-17,-0.8886820652173917
2005-08-18,-0.8309239130434776
2005-08-19,-0.7933288043478264
2005-08-22,-0.6729755434782589
2005-08-23,-0.8844021739130454
2005-08-24,-0.9344701086956491
2005-08-25,-0.7561005434782615
2005-08-26,-0.8363043478260863
2005-08-29,-0.6740081521739114
2005-08-30,-0.6943750000000009
2005-08-31,-0.7747961956521756
2005-09-01,-0.745271739130434
2005-09-02,-0.5813315217391306
2005-09-05,-0.6842255434782594
2005-09-06,-0.6701222826086948
2005-09-08,-0.6893478260869585
2005-09-09,-0.7103804347826106
2005-09-12,-0.8781657608695639
2005-09-13,-0.866508152173914
2005-09-14,-0.9566440217391303
2005-09-15,-1.0153804347826103
2005-09-16,-1.3546739130434773
2005-09-19,-1.5378125000000011
2005-09-20,-1.5828260869565227
2005-09-21,-1.5072010869565204
2005-09-22,-1.4307472826086975
2005-09-23,-1.2408967391304344
2005-09-26,-1.311671195652174
2005-09-27,-1.2600135869565214
2005-09-28,-0.9527309782608704
2005-09-29,-1.1076902173913012
2005-09-30,-1.1409782608695629
2005-10-03,-1.1271331521739114
2005-10-04,-1.135747282608694
2005-10-05,-1.0880842391304348
2005-10-06,-1.1018885869565231
2005-10-07,-1.07798913043478
2005-10-10,-1.0552038043478262
2005-10-11,-1.0278124999999996
2005-10-13,-1.048383152173912
2005-10-14,-0.6251222826086931
2005-10-17,-0.7072010869565197
2005-10-18,-1.045516304347828
2005-10-19,-1.0568342391304348
2005-10-20,-0.8785054347826069
2005-10-21,-0.8693750000000016
2005-10-24,-0.7693478260869568
2005-10-25,-0.7480434782608683
2005-10-26,-0.7203532608695653
2005-10-27,-0.7515353260869588
2005-10-28,-0.6806250000000027
2005-10-31,-0.6935461956521713
2005-11-01,-0.6057608695652128
2005-11-03,-0.656997282608696
2005-11-04,-0.6621874999999982
2005-11-07,-0.6362771739130437
2005-11-08,-0.5994293478260886
2005-11-09,-0.5470652173913066
2005-11-10,-0.5859782608695632
2005-11-11,-0.5785190217391332
2005-11-14,-0.48759510869565403
2005-11-16,-0.49343749999999886
2005-11-17,-0.4469293478260852
2005-11-18,-0.5474592391304327
2005-11-21,-0.8418206521739151
2005-11-22,-0.6682744565217362
2005-11-23,-0.585108695652174
2005-11-24,-0.7365896739130413
2005-11-25,-0.5737635869565239
2005-11-28,-0.6054891304347834
2005-11-29,-0.5688451086956547
2005-11-30,-0.6015353260869567
2005-12-01,-0.5115489130434803
2005-12-02,-0.4476358695652216
2005-12-05,-0.41020380434782666
2005-12-06,-0.4864809782608681
2005-12-07,-0.42130434782608717
2005-12-08,-0.3829891304347868
2005-12-09,-0.4400679347826113
2005-12-12,-0.3846059782608684
2005-12-13,-0.40460597826086797
2005-12-14,-0.3506929347826109
2005-12-15,-0.23338315217391425
2005-12-16,-0.5160054347826097
2005-12-19,-0.558247282608697
2005-12-20,-0.47187499999999716
2005-12-21,-0.4219836956521732
2005-12-22,-0.44135869565217334
2005-12-23,-0.48770380434782545
2005-12-26,-0.5129211956521758
2005-12-27,-0.5063586956521728
2005-12-28,-0.4745652173913033
2005-12-29,-0.4333967391304352
2005-12-30,-0.32203804347826015
2006-01-02,-0.35364010989010985
2006-01-03,-0.3475274725274726
2006-01-04,-0.4563461538461553
2006-01-05,-0.5933241758241774
2006-01-06,-0.5024450549450545
2006-01-09,-0.4683241758241756
2006-01-10,-0.5579945054945057
2006-01-11,-0.4637499999999992
2006-01-12,-0.4707829670329673
2006-01-13,-0.5535164835164839
2006-01-16,-0.46413461538461576
2006-01-17,-0.46733516483516624
2006-01-18,-0.4104807692307695
2006-01-19,-0.5161950549450545
2006-01-20,-0.348571428571427
2006-01-23,-0.33965659340659293
2006-01-24,-0.3393406593406585
2006-01-25,-0.3857692307692311
2006-01-26,-0.3618818681318672
2006-01-27,-0.380879120879122
2006-01-30,-0.3836675824175835
2006-01-31,-0.4464285714285712
2006-02-01,-0.4884615384615394
2006-02-02,-0.4712499999999995
2006-02-03,-0.4876648351648356
2006-02-06,-0.4858653846153853
2006-02-07,-0.5103983516483517
2006-02-08,-0.5168269230769234
2006-02-09,-0.5931456043956036
2006-02-10,-0.6776923076923076
2006-02-13,-0.884491758241758
2006-02-14,-1.0417582417582416
2006-02-15,-1.0124999999999993
2006-02-16,-1.0031318681318684
2006-02-17,-0.9575686813186817
2006-02-20,-0.9612087912087901
2006-02-21,-0.8986950549450547
2006-02-22,-0.8541346153846163
2006-02-23,-0.8271016483516469
2006-02-24,-0.7856456043956044
2006-03-01,-0.764903846153846
2006-03-02,-0.6869093406593407
2006-03-03,-0.7154532967032967
2006-03-06,-0.6907692307692308
2006-03-07,-0.6200274725274735
2006-03-08,-0.4505769230769232
2006-03-09,-0.4212225274725281
2006-03-10,-0.3853708791208792
2006-03-13,-0.3080357142857135
2006-03-14,-0.22520604395604416
2006-03-15,-0.29067307692307764
2006-03-16,-0.4726923076923093
2006-03-17,-0.4765521978021976
2006-03-20,-0.36667582417582345
2006-03-21,-0.18321428571428555
2006-03-22,-0.1546153846153846
2006-03-23,-0.287980769230769
2006-03-24,-0.191936813186814
2006-03-27,-0.18241758241758177
2006-03-28,-0.10688186813186817
2006-03-29,0.045480769230771045
2006-03-30,-0.02054945054945101
2006-03-31,0.08999999999999986
2006-04-03,0.11278846153846267
2006-04-04,0.19972527472527624
2006-04-05,0.21163461538461448
2006-04-06,0.15287087912087927
2006-04-07,0.14355769230769155
2006-04-10,0.1318681318681314
2006-04-11,0.10552197802197938
2006-04-12,0.3075961538461538
2006-04-13,0.4840247252747254
2006-04-17,0.4128159340659341
2006-04-18,0.40456043956043963
2006-04-19,0.13596153846153847
2006-04-20,0.1719917582417576
2006-04-24,0.2918818681318669
2006-04-25,0.4188736263736281
2006-04-26,0.36826923076922924
2006-04-27,0.34899725274725313
2006-04-28,0.2253159340659341
2006-05-02,0.13664835164835232
2006-05-03,0.16000000000000014
2006-05-04,0.1648214285714289
2006-05-05,0.2594780219780226
2006-05-08,0.314972527472527
2006-05-09,0.399107142857142
2006-05-10,0.35586538461538453
2006-05-11,0.3541483516483517
2006-05-12,0.4252609890109884
2006-05-15,0.47348901098900953
2006-05-16,0.44087912087912073
2006-05-17,0.3999999999999986
2006-05-18,0.665453296703296
2006-05-19,0.5646565934065926
2006-05-22,0.5844917582417573
2006-05-23,0.8455769230769228
2006-05-24,0.5444230769230778
2006-05-25,0.3457554945054966
2006-05-26,0.23412087912087998
2006-05-29,0.4139285714285723
2006-05-30,0.4632142857142849
2006-05-31,0.5406730769230776
2006-06-01,0.49273351648351493
2006-06-02,0.2997115384615405
2006-06-05,0.30674450549450505
2006-06-06,0.49311813186813147
2006-06-07,0.48894230769230873
2006-06-08,0.49517857142857125
2006-06-09,0.3647252747252736
2006-06-12,0.48249999999999815
2006-06-13,0.524395604395604
2006-06-14,0.5398076923076935
2006-06-16,0.5855494505494541
2006-06-19,0.5199175824175839
2006-06-20,0.548008241758243
2006-06-21,0.587307692307693
2006-06-22,0.5548763736263744
2006-06-23,0.5333104395604398
2006-06-26,0.5686126373626372
2006-06-27,0.597664835164835
2006-06-28,0.6059615384615373
2006-06-29,0.5840521978021993
2006-06-30,0.5222664835164856
2006-07-03,0.509429347826087
2006-07-04,0.528777173913042
2006-07-05,0.5086684782608693
2006-07-06,0.44853260869565403
2006-07-07,0.49701086956521756
2006-07-10,0.5258423913043497
2006-07-11,0.5148369565217408
2006-07-12,0.5042934782608697
2006-07-13,0.6131249999999984
2006-07-14,0.6232065217391298
2006-07-17,0.6382065217391304
2006-07-18,0.667445652173912
2006-07-19,0.7366847826086964
2006-07-20,0.6199456521739144
2006-07-21,0.5915217391304353
2006-07-24,0.6214402173913047
2006-07-25,0.6010597826086954
2006-07-26,0.4433423913043466
2006-07-27,0.44307065217391184
2006-07-28,0.4713586956521727
2006-07-31,0.4819836956521737
2006-08-01,0.4933695652173906
2006-08-02,0.5114402173913035
2006-08-03,0.5029347826086958
2006-08-04,0.5090760869565205
2006-08-07,0.46008152173913075
2006-08-08,0.4159239130434784
2006-08-09,0.35581521739130473
2006-08-10,0.25785326086956495
2006-08-11,0.2277989130434772
2006-08-14,0.247635869565217
2006-08-15,0.2951630434782597
2006-08-16,0.27752717391304316
2006-08-17,0.2624184782608694
2006-08-18,0.23741847826086904
2006-08-21,0.27725543478261017
2006-08-22,0.22720108695652108
2006-08-23,0.22714673913043448
2006-08-24,0.32127717391304245
2006-08-25,0.3981521739130418
2006-08-28,0.4612499999999997
2006-08-29,0.430923913043479
2006-08-30,0.3905978260869567
2006-08-31,0.38698369565217483
2006-09-01,0.34994565217391305
2006-09-04,0.3189673913043478
2006-09-05,0.2986413043478269
2006-09-06,0.368315217391304
2006-09-08,0.40649456521739324
2006-09-11,0.3889130434782615
2006-09-12,0.4505978260869572
2006-09-13,0.40005434782608695
2006-09-14,0.3576086956521731
2006-09-15,0.32948369565217384
2006-09-18,0.30866847826086996
2006-09-19,0.3040760869565222
2006-09-20,0.28812500000000085
2006-09-21,0.35899456521739026
2006-09-22,0.39516304347826114
2006-09-25,0.33282608695652094
2006-09-26,0.38769021739130416
2006-09-27,0.3519565217391314
2006-09-28,0.37190217391304436
2006-09-29,0.3816304347826094
2006-10-02,0.4197282608695634
2006-10-03,0.32442934782608646
2006-10-04,0.3437771739130433
2006-10-05,0.25847826086956616
2006-10-06,0.24328804347826072
2006-10-09,0.2475543478260871
2006-10-10,0.2708423913043472
2006-10-11,0.3058695652173906
2006-10-13,0.3462499999999995
2006-10-16,0.3452717391304354
2006-10-17,0.3349456521739125
2006-10-18,0.3305163043478263
2006-10-19,0.35834239130434753
2006-10-20,0.37796195652173914
2006-10-23,0.3829891304347832
2006-10-24,0.4339945652173913
2006-10-25,0.47095108695652144
2006-10-26,0.5376902173913045
2006-10-27,0.4869836956521745
2006-10-30,0.47105978260869463
2006-10-31,0.5407608695652169
2006-11-01,0.5734239130434791
2006-11-03,0.619103260869565
2006-11-06,0.5453532608695646
2006-11-07,0.5880978260869565
2006-11-08,0.5677717391304355
2006-11-09,0.49453804347826136
2006-11-10,0.6199728260869559
2006-11-13,0.5588315217391298
2006-11-14,0.5131793478260871
2006-11-16,0.4801086956521736
2006-11-17,0.48236413043478343
2006-11-20,0.44616847826086925
2006-11-21,0.4457880434782613
2006-11-22,0.3854076086956528
2006-11-23,0.38288043478260825
2006-11-24,0.38046195652173864
2006-11-27,0.3996467391304339
2006-11-28,0.4350000000000005
2006-11-29,0.45092391304347856
2006-11-30,0.48413043478260853
2006-12-01,0.48711956521739097
2006-12-04,0.49239130434782474
2006-12-05,0.5234510869565216
2006-12-06,0.5200815217391295
2006-12-07,0.5397010869565229
2006-12-08,0.5279891304347828
2006-12-11,0.5270108695652169
2006-12-12,0.4433423913043484
2006-12-13,0.4121195652173917
2006-12-14,0.4010054347826095
2006-12-15,0.27999999999999936
2006-12-18,0.22921195652173942
2006-12-19,0.29926630434782453
2006-12-20,0.1999999999999993
2006-12-21,0.20874999999999844
2006-12-22,0.17885869565217405
2006-12-26,0.17999999999999972
2006-12-27,0.17999999999999972
2006-12-28,0.20000000000000107
2007-01-02,0.1898630136986288
2007-01-03,0.11979452054794493
2007-01-04,0.14952054794520642
2007-01-05,0.17942465753424663
2007-01-08,0.1887534246575342
2007-01-09,0.1089726027397262
2007-01-10,0.1983698630136974
2007-01-11,0.20843835616438255
2007-01-12,0.17827397260274047
2007-01-15,0.2166712328767133
2007-01-16,0.20721917808219104
2007-01-17,0.2761780821917803
2007-01-18,0.2763835616438346
2007-01-19,0.2961643835616421
2007-01-22,0.30494520547945214
2007-01-23,0.31528767123287693
2007-01-24,0.31383561643835733
2007-01-25,0.2648493150684921
2007-01-26,0.2646301369863018
2007-01-29,0.3132191780821927
2007-01-30,0.2629726027397261
2007-01-31,0.2827260273972616
2007-02-01,0.3124794520547951
2007-02-02,0.31309589041095975
2007-02-05,0.3205479452054796
2007-02-06,0.28124657534246467
2007-02-07,0.29999999999999893
2007-02-08,0.2997260273972593
2007-02-09,0.2905068493150669
2007-02-12,0.28976712328767285
2007-02-13,0.29952054794520677
2007-02-14,0.2692739726027398
2007-02-15,0.22390410958904106
2007-02-16,0.22501369863013743
2007-02-21,0.19308219178082098
2007-02-22,0.20435616438356163
2007-02-23,0.10568493150685043
2007-02-26,0.1123972602739709
2007-02-27,0.08535616438356186
2007-02-28,0.2506164383561629
2007-03-01,0.1787808219178082
2007-03-02,0.16695890410958825
2007-03-05,0.2494520547945207
2007-03-06,0.25434246575342456
2007-03-07,0.22586301369863016
2007-03-08,0.25102739726027323
2007-03-09,0.24542465753424558
2007-03-12,0.21857534246575305
2007-03-13,0.17841095890411118
2007-03-14,0.2480410958904109
2007-03-15,0.16410958904109485
2007-03-16,0.16590410958904123
2007-03-19,0.16742465753424618
2007-03-20,0.16938356164383528
2007-03-21,0.18494520547945292
2007-03-22,0.13910958904109627
2007-03-23,0.13558904109588887
2007-03-26,0.13542465753424793
2007-03-27,0.1253698630136988
2007-03-28,0.11531506849315143
2007-03-29,0.10526027397260229
2007-03-30,0.0976027397260264
2007-04-02,0.05999999999999872
2007-04-03,0.030000000000001137
2007-04-04,0.015068493150684148
2007-04-05,-0.017191780821917746
2007-04-09,-0.029315068493149354
2007-04-10,-0.08110958904109644
2007-04-11,-0.11091780821917752
2007-04-12,-0.030726027397260935
2007-04-13,-0.16497260273972536
2007-04-16,-0.17136986301369816
2007-04-17,-0.28797260273972647
2007-04-18,-0.3203972602739711
2007-04-19,-0.15876712328767084
2007-04-20,-0.25541095890410936
2007-04-23,-0.17071823204419978
2007-04-24,-0.20406077348066276
2007-04-25,-0.22102209944751294
2007-04-26,-0.24041436464088406
2007-04-27,-0.2498066298342554
2007-04-30,-0.24453038674033145
2007-05-02,-0.2701104972375674
2007-05-03,-0.3160220994475136
2007-05-04,-0.34524861878452917
2007-05-07,-0.28372928176795575
2007-05-08,-0.24312154696132637
2007-05-09,-0.25955801104972487
2007-05-10,-0.27190607734806704
2007-05-11,-0.262762430939226
2007-05-14,-0.27215469613259735
2007-05-15,-0.30149171270718256
2007-05-16,-0.3085359116022097
2007-05-17,-0.3651933701657466
2007-05-18,-0.5017955801104979
2007-05-21,-0.5066850828729272
2007-05-22,-0.5602762430939237
2007-05-23,-0.6414640883977913
2007-05-24,-0.5940331491712705
2007-05-25,-0.4910773480662982
2007-05-28,-0.5124033149171261
2007-05-29,-0.5014640883977908
2007-05-30,-0.4569337016574586
2007-05-31,-0.4278453038674037
2007-06-01,-0.46190607734806655
2007-06-04,-0.4527900552486184
2007-06-05,-0.40342541436464074
2007-06-06,-0.3869060773480655
2007-06-08,-0.2677900552486179
2007-06-11,-0.23132596685082696
2007-06-12,-0.1707734806629837
2007-06-13,-0.025110497237568197
2007-06-14,-0.04483425414364639
2007-06-15,-0.18364640883977934
2007-06-18,-0.23447513812154774
2007-06-19,-0.2048342541436483
2007-06-20,-0.21444751381215532
2007-06-21,-0.14406077348066404
2007-06-22,-0.14209944751381265
2007-06-25,-0.10071823204419772
2007-06-26,-0.08939226519336962
2007-06-27,-0.05950276243093988
2007-06-28,-0.0596132596685095
2007-06-29,-0.019723756906078194
2007-07-02,0.019945652173914752
2007-07-03,-0.05024456521739218
2007-07-04,-0.04054347826086868
2007-07-05,-0.0005706521739128334
2007-07-06,0.008777173913042446
2007-07-09,-0.001630434782608603
2007-07-10,-0.001847826086956772
2007-07-11,-0.015163043478260363
2007-07-12,-0.06228260869565183
2007-07-13,-0.08125000000000071
2007-07-16,-0.10000000000000142
2007-07-17,-0.07168478260869549
2007-07-18,-0.06179347826087067
2007-07-19,-0.06190217391304387
2007-07-20,-0.02201086956521614
2007-07-23,-0.014673913043479203
2007-07-24,-0.022445652173914254
2007-07-25,0.014891304347825596
2007-07-26,0.012010869565216353
2007-07-27,0.10168478260869485
2007-07-30,0.047608695652174404
2007-07-31,0.04358695652173772
2007-08-01,0.07668478260869627
2007-08-02,0.11972826086956623
2007-08-03,0.1652717391304357
2007-08-06,0.12684782608695677
2007-08-07,0.10826086956521763
2007-08-08,0.1273913043478263
2007-08-09,0.10907608695652193
2007-08-10,0.1399456521739122
2007-08-13,0.17766304347826
2007-08-14,0.12163043478260782
2007-08-15,0.06614130434782517
2007-08-16,0.15538043478260732
2007-08-17,-0.02494565217391198
2007-08-20,0.19771739130434796
2007-08-21,0.1505978260869565
2007-08-22,0.334021739130435
2007-08-23,0.24152173913043384
2007-08-24,0.1734782608695653
2007-08-27,0.14701086956521614
2007-08-28,0.146250000000002
2007-08-29,0.15277173913043463
2007-08-30,0.12472826086956523
2007-08-31,0.11396739130434774
2007-09-03,0.1554891304347823
2007-09-04,0.18793478260869456
2007-09-05,0.21016304347826065
2007-09-06,0.27940217391304323
2007-09-10,0.21635869565217547
2007-09-11,0.1900543478260861
2007-09-12,0.189076086956522
2007-09-13,0.21206521739130402
2007-09-14,0.169510869565217
2007-09-17,0.1463043478260868
2007-09-18,0.15586956521739204
2007-09-19,0.0027173913043476716
2007-09-20,0.08249999999999957
2007-09-21,0.0822826086956514
2007-09-24,0.12244565217391212
2007-09-25,0.12282608695652186
2007-09-26,0.13179347826086918
2007-09-27,0.11146739130434646
2007-09-28,0.1111413043478251
2007-10-01,0.12021739130434739
2007-10-02,0.07994565217391347
2007-10-03,0.10983695652173786
2007-10-04,0.11000000000000121
2007-10-05,0.10999999999999943
2007-10-08,0.08999999999999986
2007-10-09,0.07081521739130459
2007-10-10,0.08184782608695684
2007-10-11,0.09154891304347856
2007-10-15,0.11073369565217384
2007-10-16,0.12472826086956523
2007-10-17,0.13084239130434838
2007-10-18,0.08910326086956566
2007-10-19,0.1528532608695663
2007-10-22,0.24222826086956317
2007-10-23,0.2400000000000002
2007-10-24,0.20122282608695485
2007-10-25,0.24872282608695606
2007-10-26,0.2986684782608702
2007-10-29,0.2185054347826103
2007-10-30,0.27845108695652065
2007-10-31,0.3083967391304352
2007-11-01,0.3083423913043486
2007-11-05,0.3081250000000004
2007-11-06,0.41807065217391326
2007-11-07,0.37801630434782574
2007-11-08,0.33796195652174
2007-11-09,0.45418478260869577
2007-11-12,0.4900000000000002
2007-11-13,0.4276902173913051
2007-11-14,0.6234510869565213
2007-11-16,0.5525815217391319
2007-11-19,0.524184782608696
2007-11-20,0.5457880434782609
2007-11-21,0.545298913043478
2007-11-22,0.5592119565217377
2007-11-23,0.5271739130434785
2007-11-26,0.5358695652173928
2007-11-27,0.6277989130434776
2007-11-28,0.6331249999999997
2007-11-29,0.6354891304347827
2007-11-30,0.6682608695652181
2007-12-03,0.6024456521739125
2007-12-04,0.6620380434782618
2007-12-05,0.5913315217391286
2007-12-06,0.7072826086956514
2007-12-07,0.6494021739130424
2007-12-10,0.625788043478261
2007-12-11,0.5695380434782606
2007-12-12,0.5439402173913042
2007-12-13,0.48089673913043285
2007-12-14,0.44206521739130444
2007-12-17,0.5968478260869556
2007-12-18,0.5557608695652174
2007-12-19,0.5046739130434776
2007-12-20,0.48790760869565375
2007-12-21,0.35812499999999936
2007-12-26,0.2817119565217414
2007-12-27,0.3594836956521732
2007-12-28,0.3230706521739126
2007-12-31,0.31720108695652094
2008-01-02,0.3745165745856358
2008-01-03,0.3336325966850815
2008-01-04,0.3427209944751368
2008-01-07,0.2896823204419885
2008-01-08,0.2501519337016589
2008-01-09,0.25940607734806775
2008-01-10,0.18866022099447477
2008-01-11,0.22633977900552438
2008-01-14,0.224295580110498
2008-01-15,0.16418508287292966
2008-01-16,0.16798342541436462
2008-01-17,0.17172651933701744
2008-01-18,0.2517679558011068
2008-01-21,0.30845303867403295
2008-01-22,0.3298066298342537
2008-01-23,0.33267955801104954
2008-01-24,0.3201657458563556
2008-01-25,0.2827348066298345
2008-01-28,0.2792541436464102
2008-01-29,0.22113259668508256
2008-01-30,0.2111464088397792
2008-01-31,0.21577348066298363
2008-02-01,0.19045580110497262
2008-02-06,0.11675414364640879
2008-02-07,0.139709944751381
2008-02-08,0.17081491712706942
2008-02-11,0.17808011049723582
2008-02-12,0.1979005524861872
2008-02-13,0.18564917127072
2008-02-14,0.17674033149171287
2008-02-15,0.2119751381215469
2008-02-18,0.19801104972375683
2008-02-19,0.14980662983425397
2008-02-20,0.1435082872928195
2008-02-21,0.10651933701657512
2008-02-22,0.05585635359116026
2008-02-25,0.02988950276243152
2008-02-26,-0.0345303867403306
2008-02-27,-0.038729281767956536
2008-02-28,-0.08176795580110507
2008-02-29,-0.059240331491714926
2008-03-03,0.009419889502764178
2008-03-04,-0.031077348066299137
2008-03-05,-0.06455801104972458
2008-03-06,-0.1049447513812165
2008-03-07,-0.0698066298342539
2008-03-10,-0.01919889502762473
2008-03-11,-0.03383977900552537
2008-03-12,-0.1350552486187837
2008-03-13,-0.0796270718232055
2008-03-14,-0.11502762430939306
2008-03-17,-0.05919889502762565
2008-03-18,-0.009585635359114164
2008-03-19,-0.05425414364641057
2008-03-20,-0.014033149171268633
2008-03-24,0.022582872928177622
2008-03-25,0.06348066298342658
2008-03-26,0.09997237569060857
2008-03-27,0.14941988950275942
2008-03-28,0.09048342541436405
2008-03-31,0.007969613259669828
2008-04-01,0.0
2008-04-02,-0.007803867403314513
2008-04-03,0.05167127071823252
2008-04-04,0.048839779005524164
2008-04-07,0.05767955801105096
2008-04-08,0.06459944751381208
2008-04-09,0.07874309392265211
2008-04-10,0.051022099447513014
2008-04-11,0.0661325966850832
2008-04-14,0.06711325966850623
2008-04-15,0.06592541436464039
2008-04-16,0.07671270718232037
2008-04-17,0.0526381215469609
2008-04-18,0.010455801104972906
2008-04-22,0.04031767955801158
2008-04-23,0.11919889502762437
2008-04-24,0.14161602209944846
2008-04-25,0.08643646408839878
2008-04-28,0.02008287292817812
2008-04-29,0.017803867403316076
2008-04-30,-0.006022099447513085
2008-05-02,-0.17027624309392309
2008-05-05,-0.5181215469613267
2008-05-06,-0.5888674033149179
2008-05-07,-0.6024723756906063
2008-05-08,-0.5607872928176789
2008-05-09,-0.6167955801104963
2008-05-12,-0.7331215469613266
2008-05-13,-0.8152624309392262
2008-05-14,-0.7803176795580118
2008-05-15,-0.8158701657458565
2008-05-16,-0.8799447513812169
2008-05-19,-0.8541298342541435
2008-05-20,-0.8458287292817666
2008-05-21,-0.9060497237569081
2008-05-23,-0.8783011049723761
2008-05-26,-0.8731353591160236
2008-05-27,-0.931422651933703
2008-05-28,-0.9170441988950273
2008-05-29,-0.8583287292817694
2008-05-30,-0.8730386740331504
2008-06-02,-0.7844889502762431
2008-06-03,-0.7101243093922651
2008-06-04,-0.7334116022099444
2008-06-05,-0.7136602209944751
2008-06-06,-0.7012016574585651
2008-06-09,-0.5775276243093916
2008-06-10,-0.5091436464088392
2008-06-11,-0.49653314917127034
2008-06-12,-0.5113121546961317
2008-06-13,-0.48839779005524875
2008-06-16,-0.43958563535911566
2008-06-17,-0.44030386740331373
2008-06-18,-0.4556767955801089
2008-06-19,-0.4564226519336998
2008-06-20,-0.4571685082872907
2008-06-23,-0.45940607734806527
2008-06-24,-0.4601519337016562
2008-06-25,-0.5452900552486177
2008-06-26,-0.5461464088397783
2008-06-27,-0.5470027624309388
2008-06-30,-0.564475138121546
2008-07-01,-0.5301358695652176
2008-07-02,-0.5102445652173913
2008-07-03,-0.550135869565219
2008-07-04,-0.5700000000000003
2008-07-07,-0.5600000000000005
2008-07-08,-0.5195923913043465
2008-07-09,-0.5395380434782595
2008-07-10,-0.5394836956521729
2008-07-11,-0.5394293478260881
2008-07-14,-0.6263315217391305
2008-07-15,-0.643029891304348
2008-07-16,-0.7166304347826085
2008-07-17,-0.6709646739130442
2008-07-18,-0.6588179347826078
2008-07-21,-0.8433016304347838
2008-07-22,-0.8438994565217399
2008-07-23,-0.8633831521739133
2008-07-24,-1.1788179347826073
2008-07-25,-1.1233695652173914
2008-07-28,-1.0030978260869556
2008-07-29,-0.9736684782608691
2008-07-30,-0.9511413043478267
2008-07-31,-1.0585054347826084
2008-08-01,-1.0333288043478248
2008-08-04,-1.0850000000000009
2008-08-05,-1.0556249999999991
2008-08-06,-1.080407608695653
2008-08-07,-0.9790489130434779
2008-08-08,-0.8937364130434773
2008-08-11,-0.7548913043478258
2008-08-12,-0.7130434782608699
2008-08-13,-0.735991847826087
2008-08-14,-0.7313043478260877
2008-08-15,-0.7466711956521745
2008-08-18,-0.7178260869565207
2008-08-19,-0.7442663043478266
2008-08-20,-0.7497146739130418
2008-08-21,-0.7224184782608685
2008-08-22,-0.7614945652173919
2008-08-25,-0.7787228260869572
2008-08-26,-0.7920516304347824
2008-08-27,-0.8171874999999993
2008-08-28,-0.8734646739130447
2008-08-29,-0.9125407608695664
2008-09-01,-0.9017798913043489
2008-09-02,-0.8404483695652178
2008-09-03,-0.7233967391304343
2008-09-04,-0.6694836956521737
2008-09-05,-0.603858695652173
2008-09-08,-0.6108967391304354
2008-09-09,-0.6363586956521754
2008-09-10,-0.6164266304347823
2008-09-11,-0.6199864130434776
2008-09-12,-0.505067934782609
2008-09-15,-0.5213451086956518
2008-09-16,-0.3673641304347832
2008-09-17,-0.23853260869565318
2008-09-18,0.025434782608696693
2008-09-19,0.02406249999999943
2008-09-22,-0.14999999999999858
2008-09-23,-0.12270380434782524
2008-09-24,0.06676630434782638
2008-09-25,0.0744429347826081
2008-09-26,-0.10262228260869577
2008-09-29,-0.3023777173913036
2008-09-30,-0.032296195652172344
2008-10-01,-0.162486413043478
2008-10-02,-0.22213315217391205
2008-10-03,-0.03054347826087067
2008-10-06,0.10055706521739083
2008-10-07,0.1327309782608701
2008-10-08,0.47644021739130515
2008-10-09,0.6357608695652175
2008-10-10,0.6041576086956528
2008-10-13,0.7051766304347815
2008-10-14,0.6523913043478267
2008-10-15,0.62898097826087
2008-10-16,0.7272554347826077
2008-10-17,0.7846331521739138
2008-10-20,1.0482065217391305
2008-10-21,1.1260054347826074
2008-10-22,1.2610190217391306
2008-10-23,1.1754211956521736
2008-10-24,1.0850407608695676
2008-10-27,1.1398505434782642
2008-10-28,1.2899048913043494
2008-10-29,1.1299456521739124
2008-10-30,1.0252989130434749
2008-10-31,1.2169565217391316
2008-11-03,1.6901222826086943
2008-11-04,1.8049999999999997
2008-11-05,1.9170380434782608
2008-11-06,2.03914402173913
2008-11-07,1.99588315217391
2008-11-10,1.7649592391304338
2008-11-11,1.7143885869565239
2008-11-12,1.736644021739128
2008-11-13,1.5364809782608706
2008-11-14,1.3653532608695649
2008-11-17,1.4850407608695662
2008-11-18,1.4552038043478248
2008-11-19,1.36892663043478
2008-11-20,1.4161956521739132
2008-11-21,1.4142391304347832
2008-11-24,1.4363315217391293
2008-11-25,1.521290760869567
2008-11-26,1.6081385869565228
2008-11-27,1.6653124999999989
2008-11-28,1.62508152173913
2008-12-01,1.542187499999999
2008-12-02,1.0234375
2008-12-03,1.0205570652173908
2008-12-04,1.1681657608695666
2008-12-05,1.123002717391305
2008-12-08,1.1536277173913057
2008-12-09,1.268736413043479
2008-12-10,1.504796195652176
2008-12-11,1.8678532608695644
2008-12-12,1.8576222826086966
2008-12-15,1.807730978260869
2008-12-16,1.7877989130434795
2008-12-17,1.8479755434782614
2008-12-18,1.7681114130434796
2008-12-19,1.5802853260869583
2008-12-22,1.3939402173913038
2008-12-23,1.241317934782609
2008-12-24,1.1875407608695667
2008-12-26,1.1855298913043484
2008-12-29,1.1471739130434777
2008-12-30,1.0609374999999996
2008-12-31,1.0752581521739124
2009-01-02,1.073746575342465
2009-01-05,0.9512397260273975
2009-01-06,0.7214589041095891
2009-01-07,0.6911712328767123
2009-01-08,0.793835616438356
2009-01-09,0.7927808219178072
2009-01-12,0.9108630136986289
2009-01-13,0.9097260273972587
2009-01-14,0.9437191780821923
2009-01-15,1.0372876712328782
2009-01-16,1.2313150684931529
2009-01-19,1.2817534246575342
2009-01-20,1.1334383561643833
2009-01-21,1.2529246575342476
2009-01-22,1.5358561643835618
2009-01-23,1.5968150684931501
2009-01-26,1.6995000000000022
2009-01-27,1.8734178082191768
2009-01-28,1.7053424657534269
2009-01-29,1.5225958904109582
2009-01-30,1.5925684931506847
2009-02-02,1.3235958904109584
2009-02-03,1.2414041095890411
2009-02-04,1.2508493150684945
2009-02-05,1.3413698630136999
2009-02-06,1.434000000000001
2009-02-09,1.4895273972602734
2009-02-10,1.5678767123287667
2009-02-11,1.6960958904109606
2009-02-12,1.696883561643837
2009-02-13,1.7208767123287654
2009-02-16,1.4712054794520544
2009-02-17,1.4914726027397265
2009-02-18,1.597267123287672
2009-02-19,1.5756643835616444
2009-02-20,1.5339041095890398
2009-02-25,1.5730068493150693
2009-02-26,1.665575342465754
2009-02-27,1.7407534246575338
2009-03-02,1.7754657534246583
2009-03-03,1.729232876712329
2009-03-04,1.5247945205479443
2009-03-05,1.5784520547945196
2009-03-06,1.58254794520548
2009-03-09,1.857739726027397
2009-03-10,2.08676712328767
2009-03-11,1.8609863013698646
2009-03-12,1.853424657534248
2009-03-13,1.9391164383561659
2009-03-16,1.9248835616438367
2009-03-17,2.0210616438356155
2009-03-18,2.0731986301369876
2009-03-19,1.856232876712328
2009-03-20,2.0048835616438367
2009-03-23,2.0220958904109594
2009-03-24,1.9824657534246573
2009-03-25,1.8867602739726017
2009-03-26,1.8604520547945214
2009-03-27,1.7781027397260285
2009-03-30,1.7181643835616427
2009-03-31,1.724849315068493
2009-04-01,1.8223493150684913
2009-04-02,1.7946712328767127
2009-04-03,1.8045547945205485
2009-04-06,1.8526369863013699
2009-04-07,1.959301369863013
2009-04-08,2.0107191780821925
2009-04-09,2.1433972602739733
2009-04-13,2.152979452054794
2009-04-14,2.166582191780824
2009-04-15,1.9989246575342463
2009-04-16,2.0791164383561647
2009-04-17,2.1251301369863
2009-04-20,2.1624999999999996
2009-04-22,2.106308219178082
2009-04-23,2.0250000000000004
2009-04-24,2.0514452054794514
2009-04-27,2.0972123287671227
2009-04-28,2.1478082191780814
2009-04-29,2.1956643835616436
2009-04-30,2.163171232876712
2009-05-04,2.2254794520547954
2009-05-05,2.0088287671232887
2009-05-06,1.984931506849314
2009-05-07,1.9179383561643828
2009-05-08,2.0883219178082193
2009-05-11,2.1556780821917805
2009-05-12,2.2045068493150684
2009-05-13,2.146095890410958
2009-05-14,2.1896164383561647
2009-05-15,2.277554794520549
2009-05-18,2.009657534246575
2009-05-19,1.918493150684931
2009-05-20,1.867938356164382
2009-05-21,1.7689589041095903
2009-05-22,1.6506986301369864
2009-05-25,1.6158835616438356
2009-05-26,1.603294520547946
2009-05-27,1.679719178082193
2009-05-28,1.6539726027397261
2009-05-29,1.7373904109589056
2009-06-01,1.7377602739726026
2009-06-02,1.836369863013699
2009-06-03,1.91627397260274
2009-06-04,1.927294520547946
2009-06-05,1.9303630136986296
2009-06-08,1.8592397260273987
2009-06-09,1.8730136986301353
2009-06-10,1.8010547945205495
2009-06-12,1.7814383561643847
2009-06-15,1.8539041095890418
2009-06-16,1.9819041095890402
2009-06-17,1.9658561643835615
2009-06-18,2.0098835616438357
2009-06-19,1.9950753424657535
2009-06-22,1.9819520547945206
2009-06-23,1.9953972602739718
2009-06-24,2.076041095890412
2009-06-25,2.0134109589041085
2009-06-26,1.9501232876712322
2009-06-29,1.990349315068494
2009-06-30,2.173006849315069
2009-07-01,2.1628493150684935
2009-07-02,2.209999999999999
2009-07-03,2.2720958904109594
2009-07-06,2.3182739726027393
2009-07-07,2.409657534246575
2009-07-08,2.426260273972604
2009-07-09,2.3327534246575343
2009-07-10,2.3295753424657537
2009-07-13,2.3247397260273974
2009-07-14,2.2842328767123288
2009-07-15,2.2822602739726037
2009-07-16,2.383595890410959
2009-07-17,2.429280821917809
2009-07-20,2.5411027397260284
2009-07-21,2.524773972602741
2009-07-22,2.5047945205479447
2009-07-23,2.4499863013698633
2009-07-24,2.352493150684932
2009-07-27,2.2803424657534244
2009-07-28,2.1602123287671233
2009-07-29,2.120020547945206
2009-07-30,2.1581301369863013
2009-07-31,2.2007328767123298
2009-08-03,2.155979452054794
2009-08-04,2.095787671232877
2009-08-05,2.1016027397260277
2009-08-06,2.160582191780822
2009-08-07,2.159568493150685
2009-08-10,2.149815068493149
2009-08-11,2.1782534246575356
2009-08-12,2.2326506849315066
2009-08-13,2.233089041095891
2009-08-14,2.2592054794520546
2009-08-17,2.2361643835616434
2009-08-18,2.189458904109589
2009-08-19,2.1795684931506845
2009-08-20,2.2419383561643844
2009-08-21,2.3045547945205485
2009-08-24,2.262034246575343
2009-08-25,2.244917808219178
2009-08-26,2.1810273972602747
2009-08-27,2.1932739726027393
2009-08-28,2.1626164383561637
2009-08-31,2.124760273972603
2009-09-01,2.1276986301369867
2009-09-02,2.122095890410959
2009-09-03,2.1516301369863022
2009-09-04,2.151534246575343
2009-09-08,2.170356164383561
2009-09-09,2.1573561643835593
2009-09-10,2.1553082191780817
2009-09-11,2.213924657534246
2009-09-14,2.2117054794520534
2009-09-15,2.192020547945207
2009-09-16,2.1626575342465753
2009-09-17,2.058212328767123
2009-09-18,1.9429794520547947
2009-09-21,1.866534246575343
2009-09-22,1.7141027397260284
2009-09-23,1.7652808219178056
2009-09-24,1.711616438356165
2009-09-25,1.7532876712328775
2009-09-28,1.6465753424657539
2009-09-29,1.584171232876713
2009-09-30,1.5919178082191774
2009-10-01,1.5621301369863012
2009-10-02,1.501171232876711
2009-10-05,1.5416780821917815
2009-10-06,1.5360890410958898
2009-10-07,1.430554794520548
2009-10-08,1.4065547945205488
2009-10-09,1.3604999999999983
2009-10-13,1.3641438356164386
2009-10-14,1.3587260273972603
2009-10-15,1.3524999999999991
2009-10-16,1.4057876712328774
2009-10-19,1.45268493150685
2009-10-20,1.6452054794520539
2009-10-21,1.572698630136987
2009-10-22,1.6372328767123285
2009-10-23,1.8180068493150685
2009-10-26,1.860493150684933
2009-10-27,1.772390410958904
2009-10-28,1.8017739726027386
2009-10-29,1.855513698630137
2009-10-30,1.8084589041095889
2009-11-03,1.7589657534246577
2009-11-04,1.7416095890410954
2009-11-05,1.7617123287671212
2009-11-06,1.737
2009-11-09,1.7392465753424649
2009-11-10,1.6839452054794517
2009-11-11,1.7050821917808214
2009-11-12,1.7225753424657544
2009-11-13,1.6870068493150683
2009-11-16,1.642027397260275
2009-11-17,1.5981232876712337
2009-11-18,1.6295958904109593
2009-11-19,1.621404109589042
2009-11-20,1.6095273972602744
2009-11-23,1.596910958904111
2009-11-24,1.583732876712327
2009-11-25,1.618500000000001
2009-11-26,1.5929726027397262
2009-11-27,1.5686712328767136
2009-11-30,1.55290410958904
2009-12-01,1.5574452054794516
2009-12-02,1.5606780821917816
2009-12-03,1.567123287671233
2009-12-04,1.5199999999999996
2009-12-07,1.4953150684931504
2009-12-08,1.5030342465753428
2009-12-09,1.4884589041095904
2009-12-10,1.4839383561643835
2009-12-11,1.5112123287671242
2009-12-14,1.5023972602739715
2009-12-15,1.5278082191780822
2009-12-16,1.522636986301368
2009-12-17,1.5295890410958908
2009-12-18,1.604917808219179
2009-12-21,1.626027397260275
2009-12-22,1.6216438356164389
2009-12-23,1.5503972602739733
2009-12-24,1.5352054794520562
2009-12-28,1.5190958904109593
2009-12-29,1.530239726027398
2009-12-30,1.4361643835616444
2009-12-31,1.3569520547945206
2010-01-04,1.3494057377049185
2010-01-05,1.3929303278688536
2010-01-06,1.435908469945355
2010-01-07,1.4841666666666669
2010-01-08,1.5267827868852475
2010-01-11,1.4864959016393442
2010-01-12,1.523790983606558
2010-01-13,1.5022882513661209
2010-01-14,1.4997336065573759
2010-01-15,1.4378620218579208
2010-01-18,1.4127254098360638
2010-01-19,1.421639344262294
2010-01-20,1.3925
2010-01-21,1.4219535519125692
2010-01-22,-8.779727926078028
2010-01-25,-8.797047567352251
2010-01-26,-8.80781755983438
2010-01-27,-8.771424944738053
2010-01-28,-8.796443374737715
2010-01-29,-8.795509812502106
2010-02-01,-8.790901008179887
2010-02-02,-8.775844049101783
2010-02-03,-8.772237225233107
2010-02-04,-8.782425985457971
2010-02-05,-8.747157586315238
2010-02-08,1.424352018603921
2010-02-09,1.455010252914576
2010-02-10,1.481625122025111
2010-02-11,1.5210713804827147
2010-02-12,1.578599291973834
2010-02-17,1.6322840015260152
2010-02-18,1.6540243320878343
2010-02-19,1.7364669101558565
2010-02-22,1.6717005251287596
2010-02-23,1.634974038105499
2010-02-24,1.5571312737738587
2010-02-25,1.485384968189317
2010-02-26,1.5005898862221017
2010-03-01,1.4145462208682567
2010-03-02,-9.03248241155283
2010-03-03,-9.04573804153903
2010-03-04,-9.12252580760988
2010-03-05,1.292616555020702
2010-03-08,1.2857409869727672
2010-03-09,1.2231848133436571
2010-03-10,1.1602277521571782
2010-03-11,1.0812809971836046
2010-03-12,1.0665738294004754
2010-03-15,1.0346227740936484
2010-03-16,0.9639163468767187
2010-03-17,0.905419598074527
2010-03-18,0.9957860100313063
2010-03-19,1.0168253273639216
2010-03-22,1.0187534082876102
2010-03-23,1.0241369037600556
2010-03-24,0.9780979230484395
2010-03-25,0.9196756656680236
2010-03-26,0.8125460188956595
2010-03-29,0.8090909549937724
2010-03-30,0.7818236021813032
2010-03-31,0.7885248286038085
2010-04-01,0.7958130378923034
2010-04-05,0.8302481738310821
2010-04-06,0.7821619062847134
2010-04-07,0.7563296809955009
2010-04-08,0.7604898677079479
2010-04-09,0.7797453462146962
2010-04-12,0.736037718382871
2010-04-13,0.7159025790778824
2010-04-14,0.677857491500319
2010-04-15,0.6557336654660499
2010-04-16,0.787345911737976
2010-04-19,0.7435905398278742
2010-04-20,0.651617211431649
2010-04-22,0.614158756073202
2010-04-23,0.6361195172854881
2010-04-26,0.48062119197495434
2010-04-27,0.3669667081832557
2010-04-28,0.30193961019288373
2010-04-29,0.3037017369643529
2010-04-30,0.15407770054195957
2010-05-03,0.021236338797814724
2010-05-04,-0.07438525992751366
2010-05-05,0.05269128488235175
2010-05-06,0.26118865082303877
2010-05-07,0.41445377632656744
2010-05-10,0.5109025229743835
2010-05-11,0.2680671643047088
2010-05-12,0.16002074426902801
2010-05-13,0.14595001458691037
2010-05-14,0.13462462550914012
2010-05-17,0.18162587942235753
2010-05-18,0.2169469316996011
2010-05-19,0.33287042335700967
2010-05-20,0.37704425724576573
2010-05-21,0.44444924596896307
2010-05-24,0.4214646940676161
2010-05-25,0.30548061063049126
2010-05-26,0.4272098326993632
2010-05-27,0.42338485037196527
2010-05-28,0.3476534290459039
2010-05-31,0.355420201187151
2010-06-01,0.3744166358097427
2010-06-02,0.39788672142367965
2010-06-04,0.4352162369138597
2010-06-07,0.44171988083616753
2010-06-08,0.4135159782767257
2010-06-09,0.35435524455515477
2010-06-10,0.33446464637964013
2010-06-11,0.28848798263035746
2010-06-14,0.306091956441243
2010-06-15,0.3095967981732688
2010-06-16,0.2839809640825397
2010-06-17,0.22853027064328302
2010-06-18,0.09822791485732907
2010-06-21,0.10350345317040954
2010-06-22,0.0990507287844622
2010-06-23,0.21782279148573203
2010-06-24,0.18715137285263772
2010-06-25,0.17701177331941942
2010-06-28,0.14773247887703178
2010-06-29,0.12720664882575505
2010-06-30,0.15945566981968362
2010-07-01,0.17168777560844184
2010-07-02,0.17138052479213783
2010-07-05,0.1691600745054469
2010-07-06,0.17769430044546297
2010-07-07,0.145820134985021
2010-07-08,0.2000055542464736
2010-07-09,0.20210357267086287
2010-07-12,0.20019812950931914
2010-07-13,0.23956298178880253
2010-07-14,0.27517985379427934
2010-07-15,0.2552756084424548
2010-07-16,0.3416581950382067
2010-07-19,0.3698709479247313
2010-07-20,0.32807924058302973
2010-07-21,0.4117848206371111
2010-07-22,0.29627600397212817
2010-07-23,0.2997927817237258
2010-07-26,0.1981515018906883
2010-07-27,0.19804915508129461
2010-07-28,0.22673658565321197
2010-07-29,0.248124516107314
2010-07-30,0.2554197102815259
2010-08-02,0.22227241615331828
2010-08-03,0.15899939408220298
2010-08-04,0.13904601609048406
2010-08-05,0.11897517139619218
2010-08-06,0.148950584037431
2010-08-09,0.14614350153162547
2010-08-10,0.07824187060288779
2010-08-11,0.024482276904434386
2010-08-12,-0.01655737704918181
2010-08-13,0.056322275333537064
2010-08-16,0.12649201647198716
2010-08-17,0.15700345597558396
2010-08-18,0.1401652809102245
2010-08-19,0.09181159603235933
2010-08-20,0.10511163193860007
2010-08-23,0.09364330516937613
2010-08-24,0.002234700575620252
2010-08-25,-0.05374563795289511
2010-08-26,-0.10577745424759577
2010-08-27,-0.12404761504022765
2010-08-30,-0.0611255343858339
2010-08-31,-0.0666172675351504
2010-09-01,-0.02046961434454353
2010-09-02,-0.00535858551856272
2010-09-03,0.07717565164214868
2010-09-06,-0.0011045516769332409
2010-09-08,-0.036128143198572715
2010-09-09,-0.0638092593215962
2010-09-10,0.03155283266570308
2010-09-13,0.06018878827661389
2010-09-14,0.06443186790992073
2010-09-15,0.09004362047104486
2010-09-16,0.07454918032786928
2010-09-17,0.14220713973137755
2010-09-20,0.01735365402093869
2010-09-21,-0.03317622950819654
2010-09-22,-0.03337915586674356
2010-09-23,-0.07898706533813638
2010-09-24,-0.12781497907339556
2010-09-27,-0.2102465468295911
2010-09-28,-0.15868022127220271
2010-09-29,-0.07995539771770943
2010-09-30,-0.003568715566478531
2010-10-01,-0.004490776584642475
2010-10-04,0.0828041651238216
2010-10-05,0.031108114249166263
2010-10-06,0.07099646828469197
2010-10-07,0.028344119231157094
2010-10-08,0.021937127613018248
2010-10-11,-0.03420776248022328
2010-10-13,-0.052131091437482624
2010-10-14,-0.08117472312922835
2010-10-15,-0.10903897510126725
2010-10-18,-0.10002684552462249
2010-10-19,-0.07334197327229397
2010-10-20,0.16584113171979808
2010-10-21,0.16021524107673812
2010-10-22,0.23387858922139593
2010-10-25,0.2585696272483453
2010-10-26,0.2794391473390121
2010-10-27,0.21447837771120248
2010-10-28,0.2990215269128509
2010-10-29,0.2710547177432918
2010-11-01,0.08510839196149078
2010-11-03,0.08526821680636587
2010-11-04,0.10194179822937421
2010-11-05,0.09801689556894644
2010-11-08,0.04790637167446654
2010-11-09,0.1891754889420003
2010-11-10,0.15918247382771789
2010-11-11,0.14845983269936447
2010-11-12,0.11811166840587362
2010-11-16,0.12485832463729274
2010-11-17,0.20808382704412942
2010-11-18,0.24548027400949302
2010-11-19,0.2144176877503643
2010-11-22,0.17921335880432032
2010-11-23,0.31650863713378463
2010-11-24,0.25153615590040523
2010-11-25,0.08276980173023141
2010-11-26,0.04240403496370071
2010-11-29,0.021732279709606672
2010-11-30,0.0961889734181618
2010-12-01,0.06909217524489009
2010-12-02,-0.0712551334702276
2010-12-03,-0.17033283401218746
2010-12-06,-0.10810325288091605
2010-12-07,-0.10532227252835824
2010-12-08,-0.10676334702258572
2010-12-09,-0.07074166021476458
2010-12-10,-0.09203058201770453
2010-12-13,-0.0792245935301441
2010-12-14,-0.04339424770817324
2010-12-15,0.06412224672074984
2010-12-16,0.10517163463156898
2010-12-17,0.10606659765936044
2010-12-20,0.0708793943066155
2010-12-21,0.06843092537112483
2010-12-22,0.0061870518732956015
2010-12-23,-0.18870680030520148
2010-12-24,-0.15925336059963335
2010-12-27,-0.16128158627035027
2010-12-28,-0.14680378362002244
2010-12-29,-0.157729266951673
2010-12-30,-0.14853177141189988
2010-12-31,-0.17409857104386006
2011-01-03,-0.17465068493150504
2011-01-04,-0.26400684931506824
2011-01-05,-0.25380136986301416
2011-01-06,-0.2932739726027389
2011-01-07,-0.2485684931506853
2011-01-10,-0.21825342465753295
2011-01-11,-0.18830821917808294
2011-01-12,-0.16813013698630108
2011-01-13,-0.16795205479452058
2011-01-14,-0.13777397260273894
2011-01-17,-0.18681506849315
2011-01-18,-0.16819178082191755
2011-01-19,-0.21284246575342536
2011-01-20,-0.2222123287671227
2011-01-21,-0.23259589041095907
2011-01-24,-0.16407534246575217
2011-01-25,-0.17935616438356128
2011-01-26,-0.1793287671232875
2011-01-27,-0.16000000000000014
2011-01-28,-0.1746369863013708
2011-01-31,-0.11702054794520578
2011-02-01,0.03040410958904083
2011-02-02,-0.0025890410958897547
2011-02-03,-0.06866438356164473
2011-02-04,-0.06545890410959032
2011-02-07,-0.018000000000000682
2011-02-08,0.019349315068495798
2011-02-09,-0.056582191780821134
2011-02-10,-0.11999999999999922
2011-02-11,-0.07332876712328762
2011-02-14,-0.055363013698629615
2011-02-15,-0.10243835616438268
2011-02-16,-0.1324931506849314
2011-02-17,-0.17745205479451975
2011-02-18,-0.24609589041095958
2011-02-21,-0.27446575342465707
2011-02-22,-0.28506164383561483
2011-02-23,-0.28640410958904106
2011-02-24,-0.24133561643835755
2011-02-25,-0.36081506849315126
2011-02-28,-0.40003424657534126
2011-03-01,-0.3377876712328778
2011-03-02,-0.28521917808219044
2011-03-03,-0.2825410958904122
2011-03-04,-0.21415753424657602
2011-03-09,-0.25226712328766965
2011-03-16,-0.13506849315068514
2011-03-17,-0.10520547945205294
2011-03-18,-0.10447945205479492
2011-03-21,-0.10897945205479509
2011-03-22,-0.11980136986301382
2011-03-23,-0.12043835616438336
2011-03-24,-0.09897945205479353
2011-03-25,-0.004383561643836131
2011-03-28,-0.08693835616438328
2011-03-29,-0.05580821917808265
2011-03-30,-0.007157534246575281
2011-03-31,0.06786986301369957
2011-04-01,0.12237671232876757
2011-04-04,0.06565068493150683
2011-04-05,0.01029452054794433
2011-04-06,0.004869863013698961
2011-04-07,0.017061643835615925
2011-04-08,0.00034246575342500307
2011-04-11,0.002746575342467139
2011-04-12,-0.027171232876712637
2011-04-13,-0.023369863013698478
2011-04-14,-0.06808219178082098
2011-04-15,-0.06477397260274032
2011-04-18,-0.04688356164383656
2011-04-19,-0.06267123287671339
2011-04-20,-0.010267123287670543
2011-04-25,-0.004205479452055627
2011-04-26,0.03480821917808363
2011-04-27,-0.011390410958904695
2011-04-28,-0.06893835616438437
2011-04-29,-0.13304794520548135
2011-05-02,-0.1333493150684948
2011-05-03,-0.14000684931506768
2011-05-04,-0.11667808219178255
2011-05-05,-0.08176712328767088
2011-05-06,-0.056589041095890025
2011-05-09,-0.0147602739726036
2011-05-10,-0.0711986301369869
2011-05-11,-0.0646780821917794
2011-05-12,-0.10748630136986215
2011-05-13,-0.09459589041095917
2011-05-16,-0.0736849315068504
2011-05-17,-0.09185616438356092
2011-05-18,-0.10065068493150697
2011-05-19,-0.12993150684931543
2011-05-20,-0.10982191780821893
2011-05-23,-0.11336986301370011
2011-05-24,-0.09695205479452085
2011-05-25,-0.08286301369863125
2011-05-26,-0.11697945205479243
2011-05-27,-0.10601369863013765
2011-05-30,-0.13779452054794383
2011-05-31,-0.13361643835616377
2011-06-01,-0.12175342465753403
2011-06-02,-0.11169863013698667
2011-06-03,-0.13164383561643866
2011-06-06,-0.15147945205479552
2011-06-07,-0.12356849315068352
2011-06-08,-0.17489726027397268
2011-06-09,-0.21960273972602806
2011-06-10,-0.24067123287671421
2011-06-13,-0.2743835616438357
2011-06-14,-0.24312328767123326
2011-06-15,-0.2297191780821919
2011-06-16,-0.21959589041095917
2011-06-17,-0.2067534246575331
2011-06-20,-0.20642465753424588
2011-06-21,-0.21631506849315052
2011-06-22,-0.21090410958904116
2011-06-24,-0.218116438356164
2011-06-27,-0.22016438356164514
2011-06-28,-0.2224315068493148
2011-06-29,-0.24233561643835522
2011-06-30,-0.2550000000000008
2011-07-01,-0.3099999999999987
2011-07-04,-0.347404109589041
2011-07-05,-0.3423630136986304
2011-07-06,-0.3222945205479455
2011-07-07,-0.3420068493150694
2011-07-08,-0.357020547945206
2011-07-11,-0.35195205479451985
2011-07-12,-0.35139041095890455
2011-07-13,-0.28181506849315063
2011-07-14,-0.2946986301369847
2011-07-15,-0.25365068493150567
2011-07-18,-0.2147602739726029
2011-07-19,-0.23491095890410918
2011-07-20,-0.2405273972602746
2011-07-21,-0.22894520547945163
2011-07-22,-0.22020547945205493
2011-07-25,-0.2598219178082175
2011-07-26,-0.20911643835616367
2011-07-27,-0.19591780821917837
2011-07-28,-0.17184931506849388
2011-07-29,-0.030678082191780476
2011-08-01,-0.04612328767123053
2011-08-02,-0.07321917808219247
2011-08-03,-0.12009589041096014
2011-08-04,-0.08907534246575288
2011-08-05,-0.00289726027397208
2011-08-08,0.02816438356164319
2011-08-09,0.17587671232876545
2011-08-10,0.30052739726027333
2011-08-11,0.3162808219178075
2011-08-12,0.33246575342465867
2011-08-15,0.2036643835616445
2011-08-16,0.15448630136986452
2011-08-17,0.07811643835616344
2011-08-18,0.04504109589040972
2011-08-19,0.15886301369862998
2011-08-22,0.24273972602739669
2011-08-23,0.27319863013698686
2011-08-24,0.33608904109589055
2011-08-25,0.3914452054794513
2011-08-26,0.3640068493150679
2011-08-29,0.33626027397260394
2011-08-30,0.1520547945205486
2011-08-31,0.24383561643835705
2011-09-01,0.35198630136986253
2011-09-02,0.5798767123287671
2011-09-05,0.6573972602739726
2011-09-06,0.6431849315068501
2011-09-08,0.5154383561643829
2011-09-09,0.49371917808219123
2011-09-12,0.42956849315068446
2011-09-13,0.5237123287671235
2011-09-14,0.5640000000000001
2011-09-15,0.6156643835616435
2011-09-16,0.6221917808219182
2011-09-19,0.7195
2011-09-20,0.7998424657534251
2011-09-21,0.8179452054794538
2011-09-22,0.8290410958904122
2011-09-23,0.9781027397260296
2011-09-26,0.9069178082191787
2011-09-27,0.8482260273972599
2011-09-28,0.7799794520547945
2011-09-29,0.7957465753424646
2011-09-30,0.7343630136986299
2011-10-03,0.7488904109589036
2011-10-04,0.8626986301369879
2011-10-05,0.8981986301369869
2011-10-06,0.8570890410958896
2011-10-07,0.8136095890410964
2011-10-10,0.7380753424657538
2011-10-11,0.7015410958904109
2011-10-13,0.6560890410958908
2011-10-14,0.6960342465753442
2011-10-17,0.708027397260274
2011-10-18,0.7130821917808223
2011-10-19,0.6996027397260285
2011-10-20,0.678465753424657
2011-10-21,0.7525000000000013
2011-10-24,0.773787671232876
2011-10-25,0.8688082191780815
2011-10-26,0.8297260273972586
2011-10-27,0.852390410958904
2011-10-28,0.8412671232876701
2011-10-31,0.8202054794520546
2011-11-01,0.8007671232876703
2011-11-03,0.8076506849315077
2011-11-04,0.8443013698630146
2011-11-07,0.8232191780821907
2011-11-08,0.8070342465753413
2011-11-09,0.7654383561643847
2011-11-10,0.8210616438356162
2011-11-11,0.8586164383561634
2011-11-14,0.8891643835616438
2011-11-16,0.9590479452054801
2011-11-17,0.9348767123287658
2011-11-18,0.8990136986301369
2011-11-21,0.8513835616438374
2011-11-22,0.8610616438356153
2011-11-23,0.8445
2011-11-24,0.9661369863013682
2011-11-25,1.0396917808219186
2011-11-28,1.0204452054794508
2011-11-29,1.1593698630136977
2011-11-30,1.1939383561643826
2011-12-01,1.170027397260272
2011-12-02,1.0713219178082198
2011-12-05,0.9975000000000005
2011-12-06,0.945493150684932
2011-12-07,0.9625958904109595
2011-12-08,0.9755068493150674
2011-12-09,0.9054315068493164
2011-12-12,0.8663424657534247
2011-12-13,0.8453013698630141
2011-12-14,0.8437534246575336
2011-12-15,0.8632191780821898
2011-12-16,0.8444383561643836
2011-12-19,0.8921986301369866
2011-12-20,0.881952054794521
2011-12-21,0.8694931506849315
2011-12-22,0.9079452054794519
2011-12-23,0.8076232876712321
2011-12-26,0.7439931506849309
2011-12-27,0.6826095890410944
2011-12-28,0.705794520547947
2011-12-29,0.709650684931507
2011-12-30,0.7432876712328778
2012-01-02,0.7395890410958899
2012-01-03,0.7088082191780831
2012-01-04,0.6879452054794513
2012-01-05,0.6421712328767111
2012-01-06,0.7058082191780812
2012-01-09,0.7626027397260273
2012-01-10,0.8211506849315064
2012-01-11,0.8549794520547973
2012-01-12,0.8833493150684948
2012-01-13,0.9025547945205474
2012-01-16,0.9293082191780826
2012-01-17,0.8842876712328778
2012-01-18,0.873273972602739
2012-01-19,0.8665410958904118
2012-01-20,1.0124452054794517
2012-01-23,1.0287876712328767
2012-01-24,1.0369520547945204
2012-01-25,1.0557054794520546
2012-01-26,1.0544589041095875
2012-01-27,1.1278630136986312
2012-01-30,1.1671301369863016
2012-01-31,1.2625684931506829
2012-02-01,1.341130136986303
2012-02-02,1.3433972602739725
2012-02-03,1.378253424657533
2012-02-06,1.2668561643835616
2012-02-07,1.3034999999999997
2012-02-08,1.3631164383561636
2012-02-09,1.4964589041095895
2012-02-10,1.570609589041096
2012-02-13,1.4992123287671237
2012-02-14,1.4100479452054788
2012-02-15,1.2978219178082178
2012-02-16,1.2432945205479466
2012-02-17,1.2781164383561627
2012-02-22,1.2752191780821907
2012-02-23,1.255205479452055
2012-02-24,1.3136506849315062
2012-02-27,1.3602191780821933
2012-02-28,1.3102054794520548
2012-02-29,1.330246575342466
2012-03-01,1.382897260273971
2012-03-02,1.4605479452054801
2012-03-05,1.523876712328768
2012-03-06,1.493972602739726
2012-03-07,1.4800205479452053
2012-03-08,1.538863013698629
2012-03-09,1.6460958904109582
2012-03-12,1.6523493150684914
2012-03-13,1.6506095890410961
2012-03-14,1.7148972602739718
2012-03-15,1.6091438356164378
2012-03-16,1.4975342465753414
2012-03-19,1.5541095890410954
2012-03-20,1.532356164383561
2012-03-21,1.5223356164383546
2012-03-22,1.52054109589041
2012-03-23,1.4932123287671253
2012-03-26,1.4803082191780828
2012-03-27,1.4609383561643838
2012-03-28,1.4230684931506854
2012-03-29,1.377568493150683
2012-03-30,1.3558835616438358
2012-04-02,1.3508287671232875
2012-04-03,1.3742123287671255
2012-04-04,1.412335616438357
2012-04-05,1.4802397260273974
2012-04-09,1.482842465753425
2012-04-10,1.4255342465753422
2012-04-11,1.326534246575342
2012-04-12,1.2920273972602736
2012-04-13,1.374657534246575
2012-04-16,1.3663424657534247
2012-04-17,1.3632602739726014
2012-04-18,1.3685616438356174
2012-04-19,1.36272602739726
2012-04-20,1.540000000000001
2012-04-23,1.5577054794520535
2012-04-24,1.5175410958904116
2012-04-25,1.522369863013699
2012-04-26,1.4406438356164397
2012-04-27,1.5059383561643838
2012-04-30,1.5740068493150687
2012-05-02,1.6336369863013704
2012-05-03,1.6618150684931496
2012-05-04,1.636684931506851
2012-05-07,1.5589863013698633
2012-05-08,1.3978767123287668
2012-05-09,1.4652465753424657
2012-05-10,1.4758356164383564
2012-05-11,1.389054794520547
2012-05-14,1.4295753424657534
2012-05-15,1.526794520547945
2012-05-16,1.55241095890411
2012-05-17,1.5900479452054803
2012-05-18,1.533972602739727
2012-05-21,1.5759657534246596
2012-05-22,1.54045890410959
2012-05-23,1.5862328767123302
2012-05-24,1.567143835616438
2012-05-25,1.444342465753424
2012-05-28,1.4536986301369872
2012-05-29,1.3725068493150676
2012-05-30,1.3699657534246583
2012-05-31,1.400280821917809
2012-06-01,1.79954109589041
2012-06-04,1.92430821917808
2012-06-05,2.1543835616438347
2012-06-06,2.115595890410958
2012-06-08,2.0609657534246573
2012-06-11,1.9699178082191775
2012-06-12,2.0806164383561647
2012-06-13,2.0312328767123287
2012-06-14,2.0313493150684927
2012-06-15,1.991547945205479
2012-06-18,1.9710890410958921
2012-06-19,1.933335616438356
2012-06-20,1.7764041095890413
2012-06-21,1.746876712328767
2012-06-22,1.6868835616438353
2012-06-25,1.6525684931506834
2012-06-26,1.653054794520548
2012-06-27,1.6968493150684925
2012-06-28,1.7605890410958907
2012-06-29,1.8669794520547942
2012-07-02,1.8125000000000018
2012-07-03,1.7611712328767126
2012-07-04,1.7747876712328772
2012-07-05,1.7629383561643834
2012-07-06,1.7405410958904106
2012-07-09,1.7640684931506847
2012-07-10,1.7625068493150682
2012-07-11,1.7390616438356172
2012-07-12,1.7486643835616444
2012-07-13,1.7237260273972588
2012-07-16,1.6400547945205481
2012-07-17,1.6309246575342478
2012-07-18,1.5894863013698632
2012-07-19,1.5235136986301363
2012-07-20,1.5205547945205478
2012-07-23,1.3847739726027406
2012-07-24,1.406883561643836
2012-07-25,1.4653835616438364
2012-07-26,1.409753424657536
2012-07-27,1.3641780821917813
2012-07-30,1.4131780821917808
2012-07-31,1.4260684931506837
2012-08-01,1.3401027397260261
2012-08-02,1.3767808219178086
2012-08-03,1.4034863013698615
2012-08-06,1.4137671232876716
2012-08-07,1.3906164383561634
2012-08-08,1.3873904109589041
2012-08-09,1.4581506849315087
2012-08-10,1.512643835616439
2012-08-13,1.588239726027398
2012-08-14,1.6168287671232875
2012-08-15,1.5968013698630141
2012-08-16,1.5683561643835606
2012-08-17,1.5582054794520541
2012-08-20,1.4975068493150676
2012-08-21,1.5405479452054784
2012-08-22,1.4825616438356164
2012-08-23,1.5180958904109598
2012-08-24,1.4306164383561644
2012-08-27,1.3662123287671228
2012-08-28,1.3942671232876709
2012-08-29,1.426130136986302
2012-08-30,1.4845547945205464
2012-08-31,1.3162671232876715
2012-09-03,1.261705479452056
2012-09-04,1.3169383561643837
2012-09-05,1.3354452054794503
2012-09-06,1.3291643835616433
2012-09-10,1.339520547945206
2012-09-11,1.3532876712328772
2012-09-12,1.3616438356164409
2012-09-13,1.4344999999999999
2012-09-14,1.5432191780821913
2012-09-17,1.6020958904109612
2012-09-18,1.603212328767123
2012-09-19,1.5715547945205461
2012-09-20,1.5742808219178084
2012-09-21,1.5685068493150691
2012-09-24,1.616520547945207
2012-09-25,1.630924657534246
2012-09-26,1.6327671232876728
2012-09-27,1.6225958904109596
2012-09-28,1.5885136986301376
2012-10-01,1.546623287671233
2012-10-02,1.6001712328767113
2012-10-03,1.6162808219178082
2012-10-04,1.6636575342465747
2012-10-05,1.6874657534246555
2012-10-08,1.7522808219178083
2012-10-09,1.7363767123287683
2012-10-10,1.743972602739726
2012-10-11,1.7160616438356167
2012-10-15,1.6244863013698643
2012-10-16,1.6301232876712346
2012-10-17,1.5948082191780824
2012-10-18,1.5967465753424657
2012-10-19,1.5555821917808226
2012-10-22,1.5540205479452052
2012-10-23,1.5299726027397265
2012-10-24,1.517883561643834
2012-10-25,1.495821917808219
2012-10-26,1.4828767123287667
2012-10-29,1.3795890410958913
2012-10-30,1.3950684931506858
2012-10-31,1.3865547945205474
2012-11-01,1.357958904109588
2012-11-05,1.4142397260273976
2012-11-06,1.4031027397260276
2012-11-07,1.4456986301369854
2012-11-08,1.481561643835617
2012-11-09,1.4940068493150678
2012-11-12,1.5023835616438355
2012-11-13,1.4837808219178097
2012-11-14,1.5070205479452055
2012-11-16,1.510431506849315
2012-11-19,1.5134589041095907
2012-11-20,1.5208287671232856
2012-11-21,1.5193630136986283
2012-11-22,1.5043904109589032
2012-11-23,1.532232876712328
2012-11-26,1.5154383561643847
2012-11-27,1.5200958904109587
2012-11-28,1.5472671232876714
2012-11-29,1.546746575342465
2012-11-30,1.527034246575342
2012-12-03,1.6225547945205463
2012-12-04,1.669178082191781
2012-12-05,1.7015821917808216
2012-12-06,1.7086438356164386
2012-12-07,1.7391986301369844
2012-12-10,1.625328767123289
2012-12-11,1.6149931506849313
2012-12-12,1.664308219178082
2012-12-13,1.6517945205479458
2012-12-14,1.5806164383561647
2012-12-17,1.5582739726027395
2012-12-18,1.537198630136987
2012-12-19,1.5174657534246583
2012-12-20,1.5173287671232893
2012-12-21,1.4878356164383577
2012-12-26,1.439342465753425
2012-12-27,1.447150684931506
2012-12-28,1.4650342465753434
2013-01-02,1.4279452054794515
2013-01-03,1.3469863013698626
2013-01-04,1.375589041095889
2013-01-07,1.3812739726027399
2013-01-08,1.409315068493151
2013-01-09,1.4776575342465756
2013-01-10,1.4267260273972608
2013-01-11,1.4453287671232875
2013-01-14,1.4111369863013694
2013-01-15,1.4193424657534246
2013-01-16,1.4379178082191792
2013-01-17,1.3678493150684927
2013-01-18,1.4145890410958897
2013-01-21,1.4402328767123294
2013-01-22,1.4487808219178078
2013-01-23,1.4273287671232886
2013-01-24,1.4258767123287663
2013-01-28,1.400821917808221
2013-01-29,1.4462739726027394
2013-01-30,1.4739315068493148
2013-01-31,1.5106986301369858
2013-02-01,1.4799452054794529
2013-02-04,1.3799041095890416
2013-02-05,1.4235890410958891
2013-02-06,1.5269999999999992
2013-02-07,1.4483561643835614
2013-02-08,1.3898767123287676
2013-02-13,1.3808767123287655
2013-02-14,1.3792876712328752
2013-02-15,1.3589452054794524
2013-02-18,1.0988767123287673
2013-02-19,0.9789726027397272
2013-02-20,0.9763561643835619
2013-02-21,0.9680410958904098
2013-02-22,0.9852054794520555
2013-02-25,0.8154931506849312
2013-02-26,0.7956986301369877
2013-02-27,0.8128082191780823
2013-02-28,0.9230684931506854
2013-03-01,0.946863013698632
2013-03-04,0.9578082191780819
2013-03-05,0.8999726027397266
2013-03-06,0.7857808219178075
2013-03-07,0.7428356164383558
2013-03-08,0.7153013698630133
2013-03-11,0.6400273972602744
2013-03-12,0.7530821917808215
2013-03-13,0.8118493150684927
2013-03-14,0.8066438356164394
2013-03-15,0.8593150684931512
2013-03-18,0.8531095890410949
2013-03-19,0.9038356164383554
2013-03-20,0.9503150684931505
2013-03-21,0.9545616438356159
2013-03-22,1.0264931506849315
2013-03-25,1.111890410958905
2013-03-26,1.084986301369863
2013-03-27,1.075849315068492
2013-03-28,1.1520273972602748
2013-04-01,1.2886712328767125
2013-04-02,1.3121232876712323
2013-04-03,1.3031506849315058
2013-04-04,1.2416712328767137
2013-04-05,1.1883150684931518
2013-04-08,0.9971232876712328
2013-04-09,0.9758630136986302
2013-04-10,0.957328767123288
2013-04-11,0.9143561643835607
2013-04-12,0.9220821917808237
2013-04-15,0.8054794520547937
2013-04-16,0.7472739726027413
2013-04-17,0.8174520547945203
2013-04-18,0.8251369863013718
2013-04-19,1.12731506849315
2013-04-22,1.0486438356164385
2013-04-23,1.0674657534246563
2013-04-24,1.0931780821917823
2013-04-25,1.128246575342466
2013-04-26,1.0770958904109573
2013-04-29,1.1001369863013704
2013-04-30,1.1590410958904123
2013-05-02,1.113506849315069
2013-05-03,1.042534246575343
2013-05-06,0.9662191780821914
2013-05-07,0.9552328767123281
2013-05-08,1.0007534246575354
2013-05-09,0.9997397260273981
2013-05-10,1.0716301369863004
2013-05-13,1.1284246575342465
2013-05-14,1.1373561643835615
2013-05-15,1.2178630136986293
2013-05-16,1.1792328767123283
2013-05-17,1.0866712328767125
2013-05-20,1.0547671232876716
2013-05-21,1.1144794520547965
2013-05-22,1.17717808219178
2013-05-23,1.2043150684931518
2013-05-24,1.2552191780821929
2013-05-27,1.2253698630136984
2013-05-28,1.2441095890410967
2013-05-29,1.4243698630137
2013-05-31,1.377342465753424
2013-06-03,1.2397260273972588
2013-06-04,1.1568219178082195
2013-06-05,0.798109589041097
2013-06-06,0.8970547945205478
2013-06-07,0.8885616438356152
2013-06-10,0.8189315068493155
2013-06-11,0.8945205479452056
2013-06-12,0.8473287671232885
2013-06-13,0.812273972602739
2013-06-14,0.7995890410958904
2013-06-17,0.7846575342465769
2013-06-18,0.643780821917808
2013-06-19,0.5667260273972605
2013-06-20,0.6370273972602742
2013-06-21,0.6688082191780822
2013-06-24,0.682753424657534
2013-06-25,0.5993835616438368
2013-06-26,0.6005205479452052
2013-06-27,0.5741780821917803
2013-06-28,0.6225616438356152
2013-07-01,0.7621917808219187
2013-07-02,0.7100000000000009
2013-07-03,0.6978082191780821
2013-07-04,0.8204520547945204
2013-07-05,0.9480136986301382
2013-07-08,0.9652054794520559
2013-07-10,1.0363698630136984
2013-07-11,0.9835479452054798
2013-07-12,0.8964383561643849
2013-07-15,0.8300821917808214
2013-07-16,0.7762328767123279
2013-07-17,0.8349999999999991
2013-07-18,0.793000000000001
2013-07-19,0.7555342465753423
2013-07-22,0.7316438356164383
2013-07-23,0.7420273972602747
2013-07-24,0.7358219178082201
2013-07-25,0.8071506849315071
2013-07-26,0.8630547945205471
2013-07-29,0.8695205479452071
2013-07-30,0.9243972602739721
2013-07-31,0.8422328767123286
2013-08-01,0.7642465753424652
2013-08-02,0.662808219178082
2013-08-05,0.6473424657534252
2013-08-06,0.6671232876712327
2013-08-07,0.7590547945205497
2013-08-08,0.8568767123287682
2013-08-09,0.9167123287671224
2013-08-12,0.868506849315068
2013-08-13,0.9217945205479445
2013-08-14,0.9148630136986302
2013-08-15,0.8490958904109593
2013-08-16,0.8303424657534233
2013-08-19,0.7532191780821904
2013-08-20,0.9428356164383551
2013-08-21,0.8630821917808227
2013-08-22,0.9142465753424656
2013-08-23,0.8517808219178082
2013-08-26,0.7939041095890413
2013-08-27,0.771123287671232
2013-08-28,0.7725753424657515
2013-08-29,0.8467534246575354
2013-08-30,0.8812876712328759
2013-09-02,0.83372602739726
2013-09-03,0.821205479452054
2013-09-04,0.8086849315068498
2013-09-05,0.7993835616438361
2013-09-06,0.8396027397260273
2013-09-09,0.8829726027397253
2013-09-10,0.8204794520547942
2013-09-11,0.7579863013698631
2013-09-12,0.746410958904109
2013-09-13,0.7230000000000008
2013-09-16,0.7242739726027398
2013-09-17,0.7388082191780825
2013-09-18,0.7648493150684939
2013-09-19,0.7211780821917806
2013-09-20,0.6602739726027398
2013-09-23,0.6580821917808208
2013-09-24,0.6658904109589052
2013-09-25,0.7163698630136981
2013-09-26,0.7300136986301364
2013-09-27,0.7428630136986296
2013-09-30,0.7306164383561651
2013-10-01,0.6755890410958898
2013-10-02,0.6557123287671249
2013-10-03,0.7210684931506872
2013-10-04,0.8163972602739715
2013-10-07,0.8420821917808219
2013-10-08,0.8775205479452044
2013-10-09,0.8738630136986316
2013-10-10,0.7023972602739708
2013-10-11,0.6929041095890405
2013-10-14,0.673342465753425
2013-10-15,0.7037671232876725
2013-10-16,0.7383287671232868
2013-10-17,0.7023835616438365
2013-10-18,0.6445068493150679
2013-10-21,0.6232054794520554
2013-10-22,0.6271369863013696
2013-10-23,0.617575342465754
2013-10-24,0.49635616438356145
2013-10-25,0.4746575342465764
2013-10-28,0.3977945205479454
2013-10-29,0.34090410958904194
2013-10-30,0.4076027397260287
2013-10-31,0.43435616438356206
2013-11-01,0.502767123287672
2013-11-04,0.45972602739725943
2013-11-05,0.5491917808219178
2013-11-06,0.6377260273972603
2013-11-07,0.6209452054794511
2013-11-08,0.5916575342465755
2013-11-11,0.608986301369864
2013-11-12,0.6434109589041093
2013-11-13,0.5929452054794524
2013-11-14,0.6093150684931512
2013-11-18,0.576534246575342
2013-11-19,0.5373287671232863
2013-11-20,0.5966438356164385
2013-11-21,0.5943150684931506
2013-11-22,0.6584794520547934
2013-11-25,0.673
2013-11-26,0.7362876712328781
2013-11-27,0.7816849315068488
2013-11-28,0.8336164383561648
2013-11-29,1.0088356164383558
2013-12-02,1.0337534246575348
2013-12-03,1.157602739726027
2013-12-04,1.1771917808219179
2013-12-05,1.3314794520547952
2013-12-06,1.1517397260273956
2013-12-09,1.1021232876712332
2013-12-10,1.147150684931507
2013-12-11,1.090095890410959
2013-12-12,1.1682328767123291
2013-12-13,1.1627123287671228
2013-12-16,1.2111917808219168
2013-12-17,1.1793287671232875
2013-12-18,1.168465753424659
2013-12-19,1.1849315068493151
2013-12-20,1.244342465753423
2013-12-23,1.2872465753424667
2013-12-24,1.3140410958904098
2013-12-26,1.3076301369862993
2013-12-27,1.3347945205479448
2013-12-30,1.3048082191780832
2013-12-31,1.411506849315069
2014-01-02,1.4075000000000006
2014-01-03,1.405628415300546
2014-01-06,1.350758196721312
2014-01-07,1.2997882513661203
2014-01-08,1.3285245901639335
2014-01-09,1.3769945355191258
2014-01-10,1.3652049180327879
2014-01-13,1.2622404371584697
2014-01-14,1.1611885245901643
2014-01-15,1.1776161202185786
2014-01-16,1.1650136612021846
2014-01-17,1.0165573770491818
2014-01-20,0.9828278688524588
2014-01-21,0.9519945355191268
2014-01-22,0.9500409836065575
2014-01-23,0.9877254098360648
2014-01-24,0.9753278688524585
2014-01-27,0.9473545857534784
2014-01-28,0.9942468491399605
2014-01-29,0.9587216030140588
2014-01-30,0.8819095314450589
2014-01-31,0.711629046967623
2014-02-03,0.7520429664431525
2014-02-04,0.6824609226077012
2014-02-05,0.759566111995694
2014-02-06,0.8220791938582526
2014-02-07,0.7687008869502812
2014-02-10,0.8306807147182163
2014-02-11,0.9245720362105949
2014-02-12,0.9311690513033284
2014-02-13,0.8959522661523636
2014-02-14,0.7985891024347218
2014-02-17,0.8120947519305108
2014-02-18,0.8998563518049227
2014-02-19,0.9848584635913067
2014-02-20,1.0631461692568767
2014-02-21,1.0364360147413905
2014-02-24,0.9852230831333664
2014-02-25,0.9701561413738187
2014-02-26,0.9132213432456471
2014-02-27,0.8671740093292382
2014-02-28,0.7723350844340793
2014-03-05,0.7326076356962918
2014-03-06,0.7634902783072803
2014-03-07,0.7548064725318273
2014-03-10,0.7084424640996314
2014-03-11,0.6776913969934153
2014-03-12,0.7419348074723597
2014-03-13,0.7773982791744221
2014-03-14,0.757514698407002
2014-03-17,0.749939057208854
2014-03-18,0.8057126157744836
2014-03-19,0.7876200914982849
2014-03-20,0.814478332697929
2014-03-21,0.766722965396605
2014-03-24,0.7849000358816784
2014-03-25,0.7873525019996546
2014-03-26,0.7133500500848449
2014-03-27,0.6968528402592451
2014-03-28,0.5785675827708125
2014-03-31,0.5800267897856823
2014-04-01,0.6106434500983013
2014-04-02,0.6024333105335167
2014-04-03,0.5891138813512438
2014-04-04,0.6917934579474192
2014-04-07,0.6687308911364767
2014-04-08,0.5696583391267307
2014-04-09,0.48455616043596095
2014-04-10,0.4305108747654618
2014-04-11,0.5054117703123957
2014-04-14,0.45130917673970217
2014-04-15,0.4849842830765567
2014-04-16,0.5299913566265246
2014-04-17,0.5978165997622842
2014-04-22,0.5807162506634373
2014-04-23,0.540015642169946
2014-04-24,0.5282557205116145
2014-04-25,0.5070632152975545
2014-04-28,0.4939423594447305
2014-04-29,0.5266519308829132
2014-04-30,0.472993232939384
2014-05-02,0.49853801776143314
2014-05-05,0.44190402771859816
2014-05-06,0.4129333740739902
2014-05-07,0.2813783611042595
2014-05-08,0.2624670056737912
2014-05-09,0.2552653842703698
2014-05-12,0.3538637935158828
2014-05-13,0.40476624580445986
2014-05-14,0.4156315456033717
2014-05-15,0.3792955323570517
2014-05-16,0.4069939188027476
2014-05-19,0.41182572342699864
2014-05-20,0.4351456571953971
2014-05-21,0.44317347297287313
2014-05-22,0.43229254969238795
2014-05-23,0.5396015171222892
2014-05-26,0.5443562882644475
2014-05-27,0.5219111573336903
2014-05-28,0.5793580730042684
2014-05-29,0.6269184364557869
2014-05-30,0.47777779335142334
2014-06-02,0.47454742362061
2014-06-03,0.5636664442750021
2014-06-04,0.607866357560944
2014-06-05,0.6287408800729608
2014-06-06,0.6766021076749418
2014-06-09,0.5256123993630979
2014-06-10,0.5572451559731793
2014-06-11,0.5221429399056632
2014-06-12,0.436696166266735
2014-06-13,0.43624557085510496
2014-06-16,0.4158196440985851
2014-06-17,0.5271586474849173
2014-06-18,0.5655846751586626
2014-06-20,0.49912330029228436
2014-06-23,0.5188269120076541
2014-06-24,0.5726896215977817
2014-06-25,0.5520750543831721
2014-06-26,0.6014604871685627
2014-06-27,0.5582743061006319
2014-06-30,0.7017412893483748
2014-07-01,0.7036745363414134
2014-07-02,0.6102935756841816
2014-07-03,0.6295731294805389
2014-07-04,0.6364243905720883
2014-07-07,0.651766584064049
2014-07-08,0.6383409488461798
2014-07-09,0.6731093251253988
2014-07-10,0.6724401504787956
2014-07-11,0.7313064949578756
2014-07-14,0.712103143010923
2014-07-15,0.6574449160144429
2014-07-16,0.6314752136081268
2014-07-17,0.6131584007983673
2014-07-18,0.706660125735386
2014-07-21,0.5713671387350203
2014-07-22,0.48910267767038285
2014-07-23,0.4160458295022149
2014-07-24,0.45129574914220427
2014-07-25,0.35758995649346303
2014-07-28,0.39660107981431203
2014-07-29,0.42624515036666644
2014-07-30,0.44494361717237396
2014-07-31,0.4933961449619897
2014-08-01,0.5361062863956096
2014-08-04,0.5501000482160059
2014-08-05,0.422793099130617
2014-08-06,0.3384298120697
2014-08-07,0.34564315108429966
2014-08-08,0.2850436653883808
2014-08-11,0.3214281002145434
2014-08-12,0.3164256240048431
2014-08-13,0.31183676825667206
2014-08-14,0.3432739697098821
2014-08-15,0.3197768327689463
2014-08-18,0.19041502208965966
2014-08-19,0.16459976041502955
2014-08-20,0.1875438803046947
2014-08-21,0.21692676212688689
2014-08-22,0.2810935783005526
2014-08-25,0.1921371184768219
2014-08-26,0.15131275556352897
2014-08-27,0.09065716736561136
2014-08-28,-0.15000472815889765
2014-08-29,-0.11157807442458356
2014-09-01,-0.14997950819672212
2014-09-02,-0.28157559821488753
2014-09-03,-0.3626820995268112
2014-09-04,-0.18591976706809277
2014-09-05,-0.24442844408064346
2014-09-08,-0.2852502186539869
2014-09-09,-0.21435792349726768
2014-09-10,-0.17898907103825046
2014-09-11,-0.1781126516561642
2014-09-12,-0.2136769471417992
2014-09-15,-0.13163731657360067
2014-09-16,-0.12419398907104018
2014-09-17,-0.21298981296674135
2014-09-18,-0.2140534338020359
2014-09-19,-0.22002732240437162
2014-09-22,-0.2794945355191256
2014-09-23,-0.15821533493305928
2014-09-24,-0.09926912568306001
2014-09-25,-0.11521174863387884
2014-09-26,-0.08739571886703601
2014-09-29,0.12794905362068754
2014-09-30,0.09685792349726974
2014-10-01,0.06960546971362014
2014-10-02,0.14874145006839967
2014-10-03,0.10175722118813368
2014-10-06,-0.3304404289355851
2014-10-07,-0.21637258639635704
2014-10-08,-0.2911728263550941
2014-10-09,-0.3515468741823842
2014-10-10,-0.4182544870788565
2014-10-13,-0.6724961782272967
2014-10-14,-0.677807377049179
2014-10-15,-0.6339397897931569
2014-10-16,-0.49777073848982845
2014-10-17,-0.5670081967213108
2014-10-20,-0.6279508196721313
2014-10-21,-0.40731963849207453
2014-10-22,-0.2954711619684094
2014-10-23,-0.10707757731380774
2014-10-24,-0.07563231182675167
2014-10-27,-0.10685544728757002
2014-10-28,0.35988040374365404
2014-10-29,0.17437439729990345
2014-10-30,-0.08500830698272566
2014-10-31,-0.09304761611087464
2014-11-03,-0.2728051531325466
2014-11-04,-0.2882150265748695
2014-11-05,-0.20250360685639102
2014-11-06,-0.18992958220268719
2014-11-07,-0.05012398802448992
2014-11-10,-0.021270491803278446
2014-11-11,-0.017636612021856735
2014-11-12,0.047254098360655306
2014-11-13,0.06557469556637052
2014-11-14,0.03939570204749643
2014-11-17,0.17172814207650156
2014-11-18,0.1880969347327177
2014-11-19,0.2292566044717539
2014-11-20,0.1327700470199531
2014-11-21,0.13246957532536463
2014-11-24,-0.12894341533792364
2014-11-25,-0.24063524590163787
2014-11-26,-0.21497199546993961
2014-11-27,-0.2773107334813467
2014-11-28,-0.30856621851943267
2014-12-01,-0.4782382936018461
2014-12-02,-0.5074971500227985
2014-12-03,-0.5598288985819266
2014-12-04,-0.35733340248031986
2014-12-05,-0.2463860980915431
2014-12-08,-0.2616935312058484
2014-12-09,-0.29917437562138893
2014-12-10,-0.2327651319773043
2014-12-11,-0.09881830601092823
2014-12-12,0.041960765625351115
2014-12-15,-0.04832552159254888
2014-12-16,-0.08684364557870339
2014-12-17,-0.266398824874976
2014-12-18,-0.3260382513661195
2014-12-19,-0.40815523311879254
2014-12-22,-0.4879910183669338
2014-12-23,-0.5344796315399947
2014-12-24,-0.5245344071673657
2014-12-26,-0.5246439584221037
2014-12-29,-0.614664777271944
2014-12-30,-0.574589743445987
2014-12-31,-0.6399792559036577
2015-01-02,-0.6397945205479463
2015-01-05,-0.6584657534246574
2015-01-06,-0.5329657534246568
2015-01-07,-0.47698630136986253
2015-01-08,-0.3182191780821917
2015-01-09,-0.2934589041095901
2015-01-12,-0.37568493150685
2015-01-13,-0.35137671232876677
2015-01-14,-0.33071917808219276
2015-01-15,-0.3003767123287666
2015-01-16,-0.26483561643835607
2015-01-19,-0.28900684931507037
2015-01-20,-0.31290410958904147
2015-01-21,-0.4503835616438341
2015-01-22,-0.5106780821917809
2015-01-23,-0.5299794520547927
2015-01-26,-0.667883561643837
2015-01-27,-0.6297397260273971
2015-01-28,-0.6011232876712338
2015-01-29,-0.5704109589041089
2015-01-30,-0.541260273972604
2015-02-02,-0.5510136986301379
2015-02-03,-0.4930821917808217
2015-02-04,-0.4407260273972611
2015-02-05,-0.42920547945205634
2015-02-06,-0.38152054794520573
2015-02-09,-0.23995890410958864
2015-02-10,-0.23255479452054928
2015-02-11,-0.3011301369863002
2015-02-12,-0.4662397260273963
2015-02-13,-0.5388013698630125
2015-02-18,-0.45397260273972684
2015-02-19,-0.371397260273973
2015-02-20,-0.3466917808219172
2015-02-23,-0.31702054794520684
2015-02-24,-0.392280821917808
2015-02-25,-0.33484246575342524
2015-02-26,-0.31295205479452015
2015-02-27,-0.33945890410958945
2015-03-02,-0.47250684931506903
2015-03-03,-0.362678082191783
2015-03-04,-0.28551369863013853
2015-03-05,-0.3564726027397249
2015-03-06,-0.3710753424657547
2015-03-09,-0.540363013698629
2015-03-10,-0.5337671232876708
2015-03-11,-0.4868356164383556
2015-03-12,-0.49406164383561624
2015-03-13,-0.3434726027397268
2015-03-16,-0.3837191780821918
2015-03-17,-0.43121917808219123
2015-03-18,-0.4584589041095892
2015-03-19,-0.43760273972602626
2015-03-20,-0.3639041095890416
2015-03-23,-0.35030136986301486
2015-03-24,-0.33145890410959034
2015-03-25,-0.3315753424657544
2015-03-26,-0.2888219178082192
2015-03-27,-0.30295890410958926
2015-03-30,-0.3064383561643833
2015-03-31,-0.31741780821917764
2015-04-01,-0.3258630136986316
2015-04-02,-0.366650684931507
2015-04-06,-0.3859863013698632
2015-04-07,-0.3755205479452073
2015-04-08,-0.35034246575342465
2015-04-09,-0.39825342465753266
2015-04-10,-0.44412328767123377
2015-04-13,-0.47438356164383677
2015-04-14,-0.4394520547945202
2015-04-15,-0.4540342465753415
2015-04-16,-0.4412876712328764
2015-04-17,-0.43352054794520534
2015-04-20,-0.5875753424657528
2015-04-22,-0.694315068493152
2015-04-23,-0.7144657534246566
2015-04-24,-0.7436986301369863
2015-04-27,-0.7408904109589045
2015-04-28,-0.6070136986301371
2015-04-29,-0.5996917808219173
2015-04-30,-0.5358493150684929
2015-05-04,-0.6293150684931508
2015-05-05,-0.605184931506848
2015-05-06,-0.554493150684932
2015-05-07,-0.5038835616438355
2015-05-08,-0.665828767123287
2015-05-11,-0.738404109589041
2015-05-12,-0.6952260273972595
2015-05-13,-0.6843082191780834
2015-05-14,-0.6916095890410947
2015-05-15,-0.7495547945205487
2015-05-18,-0.7985821917808238
2015-05-19,-0.7811301369863006
2015-05-20,-0.7899383561643845
2015-05-21,-0.7849246575342459
2015-05-22,-0.8252328767123291
2015-05-25,-0.9194931506849304
2015-05-26,-0.8399726027397278
2015-05-27,-0.7766301369863005
2015-05-28,-0.7493835616438353
2015-05-29,-0.8639041095890398
2015-06-01,-0.8938356164383556
2015-06-02,-0.9341643835616438
2015-06-03,-0.9427397260273978
2015-06-05,-0.9327739726027389
2015-06-08,-0.9055136986301378
2015-06-09,-0.8881369863013706
2015-06-10,-0.8978082191780832
2015-06-11,-0.8901369863013695
2015-06-12,-0.9799178082191791
2015-06-15,-1.0313493150684927
2015-06-16,-1.0470136986301366
2015-06-17,-1.0109520547945205
2015-06-18,-1.0494863013698623
2015-06-19,-1.1649383561643845
2015-06-22,-1.1801301369863015
2015-06-23,-1.1348972602739718
2015-06-24,-1.0526643835616447
2015-06-25,-1.1070753424657536
2015-06-26,-1.0574657534246583
2015-06-29,-1.165116438356165
2015-06-30,-1.067965753424657
2015-07-01,-1.0111986301369864
2015-07-02,-1.0393493150684936
2015-07-03,-0.9875000000000007
2015-07-06,-0.8870342465753431
2015-07-07,-0.8049931506849326
2015-07-08,-0.8058219178082204
2015-07-09,-0.7249726027397259
2015-07-10,-0.7233013698630124
2015-07-13,-0.6635616438356173
2015-07-14,-0.6719178082191792
2015-07-15,-0.6549452054794518
2015-07-16,-0.7079178082191788
2015-07-17,-0.6677534246575352
2015-07-20,-0.5739178082191785
2015-07-21,-0.5268904109589041
2015-07-22,-0.6722054794520549
2015-07-23,-0.4536986301369854
2015-07-24,-0.3156575342465757
2015-07-27,-0.5066643835616436
2015-07-28,-0.5565410958904113
2015-07-29,-0.5829589041095886
2015-07-30,-0.22662328767123263
2015-07-31,-0.24799315068493044
2015-08-03,-0.17998630136986193
2015-08-04,-0.17410273972602752
2015-08-05,-0.19841095890410898
2015-08-06,-0.21477397260274067
2015-08-07,-0.30921232876712423
2015-08-10,-0.34480821917808235
2015-08-11,-0.30204794520548006
2015-08-12,-0.19297945205479472
2015-08-13,-0.22568493150684965
2015-08-14,-0.21857534246575305
2015-08-17,-0.14619863013698797
2015-08-18,-0.07723287671232981
2015-08-19,-0.04394520547945113
2015-08-20,0.06524657534246536
2015-08-21,0.21856164383561527
2015-08-24,0.10352054794520527
2015-08-25,0.15855479452054766
2015-08-26,0.11247260273972692
2015-08-27,0.09886986301369838
2015-08-28,0.13934931506849146
2015-08-31,0.09785616438356115
2015-09-01,0.10140410958904233
2015-09-02,-0.013315068493151117
2015-09-03,0.04825342465753302
2015-09-04,0.025089041095890607
2015-09-08,0.07152054794520524
2015-09-09,0.09745205479451968
2015-09-10,0.09201369863013653
2015-09-11,0.07613013698630056
2015-09-14,0.12549999999999883
2015-09-15,0.17999999999999972
2015-09-16,0.12294520547945353
2015-09-17,0.1704246575342463
2015-09-18,0.17034931506849205
2015-09-21,0.28897260273972414
2015-09-22,0.22342465753424534
2015-09-23,0.22912328767123213
2015-09-24,-0.1032260273972625
2015-09-25,-0.07150000000000034
2015-09-28,-0.05365753424657527
2015-09-29,-0.12326712328767186
2015-09-30,-0.18827397260273848
2015-10-01,-0.29030821917808325
2015-10-02,-0.3386095890410967
2015-10-05,-0.27575342465753394
2015-10-06,-0.12123287671232852
2015-10-07,-0.11615753424657527
2015-10-08,-0.09612328767123302
2015-10-09,-0.04749315068493232
2015-10-13,-0.1828835616438358
2015-10-14,-0.08376712328766978
2015-10-15,0.08247945205479468
2015-10-16,0.16280821917808197
2015-10-19,0.07593150684931338
2015-10-20,0.09860273972602762
2015-10-21,0.12832191780821844
2015-10-22,0.02913013698629996
2015-10-23,0.16333561643835637
2015-10-26,0.19893835616438338
2015-10-27,0.20291780821917982
2015-10-28,0.1871643835616439
2015-10-29,0.16980136986301453
2015-10-30,0.2221986301369867
2015-11-03,0.17276027397260307
2015-11-04,0.11208904109588858
2015-11-05,0.02702054794520592
2015-11-06,-0.008205479452055187
2015-11-09,0.03617123287671298
2015-11-10,0.05595890410958937
2015-11-11,-0.12107534246575291
2015-11-12,-0.09886986301370015
2015-11-13,-0.16626712328767113
2015-11-16,-0.17515753424657632
2015-11-17,-0.17195205479452014
2015-11-18,-0.12439726027397313
2015-11-19,-0.1443767123287678
2015-11-20,-0.1349657534246571
2015-11-23,-0.1367328767123297
2015-11-24,-0.04415753424657609
2015-11-25,-0.05071917808219162
2015-11-26,-0.15249999999999986
2015-11-27,-0.1832534246575328
2015-11-30,-0.23482876712328604
2015-12-01,-0.2467739726027407
2015-12-02,-0.2736780821917808
2015-12-03,-0.3522191780821906
2015-12-04,-0.29813698630137075
2015-12-07,-0.3500890410958899
2015-12-08,-0.2578493150684924
2015-12-09,-0.31971917808219175
2015-12-10,-0.31181506849315
2015-12-11,-0.4870273972602721
2015-12-14,-0.36099315068493176
2015-12-15,-0.419623287671234
2015-12-16,-0.29513698630136886
2015-12-17,-0.3553698630136992
2015-12-18,-0.2663630136986299
2015-12-21,-0.287630136986305
2015-12-22,-0.2781369863013694
2015-12-23,-0.19891780821918204
2015-12-24,-0.12346575342465727
2015-12-28,-0.1312465753424661
2015-12-29,0.016808219178084727
2015-12-30,-0.0054109589041111406
2015-12-31,0.042876712328769884
2016-01-04,0.039806113138688204
2016-01-05,-0.05020757299270073
2016-01-06,-0.12006158759123764
2016-01-07,-0.10002509124087666
2016-01-08,0.009466240875912746
2016-01-11,0.08861313868613507
2016-01-12,0.0388503649635048
2016-01-13,0.08853102189781481
2016-01-14,0.1279470802919711
2016-01-15,0.08790602189781183
2016-01-18,0.10691377737226304
2016-01-19,0.03808394160584072
2016-01-20,0.27510492700729827
2016-01-21,0.5297696167883252
2016-01-22,0.7370004562043775
2016-01-25,0.9940260036496351
2016-01-26,1.0397602739726022
2016-01-27,1.055068493150685
2016-01-28,1.2429726027397283
2016-01-29,1.1177054794520558
2016-02-01,1.0549041095890423
2016-02-02,1.054363013698632
2016-02-03,1.128150684931505
2016-02-04,0.8623698630136989
2016-02-05,0.9567191780821922
2016-02-10,0.9611712328767137
2016-02-11,1.0522876712328753
2016-02-12,1.0753082191780816
2016-02-15,1.11977397260274
2016-02-16,1.102684931506852
2016-02-17,1.3422876712328744
2016-02-18,1.2666780821917811
2016-02-19,1.1682465753424633
2016-02-22,1.1352191780821919
2016-02-23,0.9066780821917817
2016-02-24,1.1293835616438344
2016-02-25,1.1510890410958918
2016-02-26,1.2694109589041105
2016-02-29,1.3176506849315075
2016-03-01,1.3868630136986315
2016-03-02,1.418835616438356
2016-03-03,1.2299109589041084
2016-03-04,0.5210616438356173
2016-03-07,0.4884726027397246
2016-03-08,0.5894315068493139
2016-03-09,0.787465753424657
2016-03-10,0.7790205479452066
2016-03-11,0.6681095890410962
2016-03-14,0.7663698630136988
2016-03-15,0.8534452054794528
2016-03-16,1.0660068493150696
2016-03-17,0.7138082191780821
2016-03-18,0.5573630136986285
2016-03-21,0.6529246575342462
2016-03-22,0.5036849315068483
2016-03-23,0.465438356164384
2016-03-24,0.6573630136986317
2016-03-28,0.5364178082191771
2016-03-29,0.5754452054794541
2016-03-30,0.38954109589040975
2016-03-31,0.2930273972602748
2016-04-01,0.28656849315068555
2016-04-04,0.2578561643835613
2016-04-05,0.41821917808219133
2016-04-06,0.45397945205479395
2016-04-07,0.5365479452054807
2016-04-08,0.35993150684931585
2016-04-11,0.3207260273972601
2016-04-12,0.24692465753424742
2016-04-13,0.10674657534246634
2016-04-14,-0.013582191780821873
2016-04-15,-0.02356849315068743
2016-04-18,-0.03058219178082311
2016-04-19,0.12540410958904147
2016-04-20,0.1634999999999991
2016-04-22,0.18652739726027434
2016-04-25,0.19627397260273938
2016-04-26,0.08607534246575277
2016-04-27,0.028726027397260268
2016-04-28,-0.021883561643834426
2016-04-29,0.0455821917808219
2016-05-02,-0.19010958904109643
2016-05-03,-0.1928767123287667
2016-05-04,-0.20909589041095877
2016-05-05,-0.08554109589041126
2016-05-06,-0.1746712328767117
2016-05-09,-0.13310958904109604
2016-05-10,-0.08645890410958934
2016-05-11,-0.2795273972602743
2016-05-12,-0.25952739726027474
2016-05-13,-0.332431506849316
2016-05-16,-0.32776027397260066
2016-05-17,-0.26398630136986334
2016-05-18,-0.18335616438356084
2016-05-19,0.015198630136985969
2016-05-20,-0.038116438356164295
2016-05-23,-0.053150684931505765
2016-05-24,0.01593835616438355
2016-05-25,-0.06457534246575314
2016-05-27,-0.04088356164383633
2016-05-30,0.060479452054794436
2016-05-31,0.07767808219178285
2016-06-01,0.16245205479451919
2016-06-02,0.2167123287671231
2016-06-03,0.14784931506849475
2016-06-06,0.06289041095890369
2016-06-07,-0.032226027397259216
2016-06-08,-0.021636986301368566
2016-06-09,-0.012308219178081004
2016-06-10,-0.06726712328767093
2016-06-13,-0.0038493150684928423
2016-06-14,0.0721095890410961
2016-06-15,0.10254794520547961
2016-06-16,0.1093013698630152
2016-06-17,0.11989726027397118
2016-06-20,0.04276712328767118
2016-06-21,0.002767123287670259
2016-06-22,0.017602739726028105
2016-06-23,-0.053294520547947144
2016-06-24,-0.044821917808219425
2016-06-27,-0.1055821917808224
2016-06-28,-0.4067191780821915
2016-06-29,-0.4486986301369864
2016-06-30,-0.5023013698630141
2016-07-01,-0.6112602739726025
2016-07-04,-0.34747945205479347
2016-07-05,-0.42884246575342466
2016-07-06,-0.3453972602739732
2016-07-07,-0.3269520547945213
2016-07-08,-0.33309589041095755
2016-07-11,-0.4124246575342454
2016-07-12,-0.4533904109589031
2016-07-13,-0.3908356164383555
2016-07-14,-0.4488904109589047
2016-07-15,-0.4698698630136988
2016-07-18,-0.5512397260273971
2016-07-19,-0.556712328767123
2016-07-20,-0.5085821917808229
2016-07-21,-0.5982945205479471
2016-07-22,-0.6892465753424659
2016-07-25,-0.6094178082191775
2016-07-26,-0.5784383561643835
2016-07-27,-0.6286986301369861
2016-07-28,-0.6429589041095891
2016-07-29,-0.741534246575343
2016-08-01,-0.7077054794520539
2016-08-02,-0.6948904109589034
2016-08-03,-0.5967808219178075
2016-08-04,-0.5950342465753433
2016-08-05,-0.6059726027397261
2016-08-08,-0.6031986301369852
2016-08-09,-0.5536780821917819
2016-08-10,-0.5540958904109594
2016-08-11,-0.5386301369863009
2016-08-12,-0.4829109589041085
2016-08-15,-0.4438767123287679
2016-08-16,-0.5003767123287659
2016-08-17,-0.5843835616438344
2016-08-18,-0.5708835616438375
2016-08-19,-0.5355684931506861
2016-08-22,-0.5443630136986286
2016-08-24,-0.4022328767123291
2016-08-25,-0.39595205479452034
2016-08-26,-0.39609589041095816
2016-08-29,-0.26225342465753343
2016-08-30,-0.38947945205479506
2016-08-31,-0.29619863013698655
2016-09-01,-0.35305479452054733
2016-09-02,-0.20973287671232832
2016-09-05,-0.18280821917808154
2016-09-06,-0.14789041095890632
2016-09-08,-0.1107671232876708
2016-09-09,-0.06279452054794632
2016-09-12,0.01046575342465772
2016-09-13,-0.009999999999999787
2016-09-14,0.07650684931507001
2016-09-15,0.13359589041095887
2016-09-16,0.0593082191780816
2016-09-19,0.07128082191780827
2016-09-20,0.09150684931506703
2016-09-21,0.11149315068493237
2016-09-22,0.04892465753424524
2016-09-23,0.015534246575342081
2016-09-26,0.03343835616438362
2016-09-27,0.08647260273972535
2016-09-28,0.013006849315068791
2016-09-29,-0.1088219178082177
2016-09-30,-0.09585616438356226
2016-10-03,-0.19344520547945265
2016-10-04,-0.2103287671232863
2016-10-05,-0.11462328767123253
2016-10-06,-0.1711506849315061
2016-10-07,-0.09757534246575261
2016-10-10,-0.0514383561643843
2016-10-11,-0.15406849315068527
2016-10-13,-0.1583082191780818
2016-10-14,-0.09871917808219166
2016-10-17,-0.09341780821917922
2016-10-18,-0.12267123287671033
2016-10-19,-0.18793835616438237
2016-10-20,-0.4399657534246568
2016-10-21,-0.46377397260273945
2016-10-24,-0.44981506849315167
2016-10-25,-0.5033219178082184
2016-10-26,-0.5284657534246584
2016-10-27,-0.4501027397260273
2016-10-28,-0.3336986301369862
2016-10-31,-0.2771027397260273
2016-11-01,-0.25685616438356007
2016-11-03,-0.19417808219178312
2016-11-04,-0.10318493150684915
2016-11-07,-0.18004109589041128
2016-11-08,-0.21626712328767184
2016-11-09,-0.1613356164383557
2016-11-10,-0.11747945205479482
2016-11-11,0.0622671232876737
2016-11-14,0.07900684931506774
2016-11-16,-0.029890410958904212
2016-11-17,-0.1187671232876717
2016-11-18,-0.013500000000002288
2016-11-21,0.051719178082191064
2016-11-22,0.13859589041095788
2016-11-23,0.1356986301369858
2016-11-24,0.10941780821917746
2016-11-25,0.24450000000000038
2016-11-28,0.3265000000000011
2016-11-29,0.24482876712328938
2016-11-30,0.24418493150684917
2016-12-01,0.19281506849315022
2016-12-02,0.2546438356164398
2016-12-05,0.41676712328767174
2016-12-06,0.5000890410958903
2016-12-07,0.43617123287671156
2016-12-08,0.3668219178082204
2016-12-09,0.24657534246575352
2016-12-12,0.434239726027398
2016-12-13,0.47302054794520565
2016-12-14,0.4858561643835628
2016-12-15,0.5500547945205483
2016-12-16,0.5685342465753411
2016-12-19,0.6205821917808212
2016-12-20,0.5305479452054804
2016-12-21,0.45151369863013713
2016-12-22,0.44063013698630016
2016-12-23,0.3210342465753424
2016-12-26,0.34412328767123235
2016-12-27,0.32432876712328707
2016-12-28,0.3558767123287687
2016-12-29,0.3570890410958931
2016-12-30,0.3582534246575353
2017-01-02,0.3294664842681243
2017-01-03,0.23924760601915018
2017-01-04,0.2588030095759226
2017-01-05,0.4278454172366626
2017-01-06,0.48755471956224383
2017-01-09,0.4663372093023259
2017-01-10,0.3965560875512999
2017-01-11,0.3859781121751009
2017-01-12,0.48512311901504823
2017-01-13,0.5251265389876867
2017-01-16,0.5440629274965794
2017-01-17,0.48458276333789385
2017-01-18,0.49437414500683907
2017-01-19,0.5530403556771546
2017-01-20,0.48479822161422526
2017-01-23,0.5039979480164156
2017-01-24,0.38533857729138177
2017-01-26,0.3835465116279071
2017-01-27,0.4216621067031454
2017-01-30,0.3711217510259921
2017-01-31,0.39040355677154537
2017-02-01,0.4883652530779745
2017-02-02,0.45799589603283053
2017-02-03,0.3776265389876894
2017-02-06,0.3010123119015038
2017-02-07,0.29999658002735785
2017-02-08,0.25578082191780815
2017-02-09,0.21350684931506692
2017-02-10,0.19334246575342462
2017-02-13,0.1928493150684929
2017-02-14,0.23390410958904084
2017-02-15,0.27127397260274044
2017-02-16,0.2510821917808208
2017-02-17,0.3156849315068495
2017-02-20,0.324780821917809
2017-02-21,0.33447945205479357
2017-02-22,0.2770547945205468
2017-02-23,0.34534246575342387
2017-02-24,0.35909589041095735
2017-03-01,0.4188082191780822
2017-03-02,0.4001095890410955
2017-03-03,0.5047260273972611
2017-03-06,0.4670273972602743
2017-03-07,0.5066712328767125
2017-03-08,0.5026712328767129
2017-03-09,0.5767123287671225
2017-03-10,0.6243424657534256
2017-03-13,0.5908219178082206
2017-03-14,0.656301369863014
2017-03-15,0.6936849315068496
2017-03-16,0.6630547945205496
2017-03-17,0.6444931506849318
2017-03-20,0.6326849315068515
2017-03-21,0.5964383561643842
2017-03-22,0.6392739726027408
2017-03-23,0.6841780821917816
2017-03-24,0.5702739726027399
2017-03-27,0.5908082191780828
2017-03-28,0.5878630136986285
2017-03-29,0.6048630136986297
2017-03-30,0.5515068493150679
2017-03-31,0.5109589041095894
2017-04-03,0.461849315068493
2017-04-04,0.4864520547945208
2017-04-05,0.38563013698630044
2017-04-06,0.4750547945205472
2017-04-07,0.46183561643835525
2017-04-10,0.46275342465753333
2017-04-11,0.4721780821917818
2017-04-12,0.5604794520547927
2017-04-13,0.576986301369864
2017-04-17,0.6041369863013699
2017-04-18,0.6175342465753424
2017-04-19,0.6678493150684925
2017-04-20,0.6639999999999997
2017-04-24,0.6636027397260271
2017-04-25,0.7033424657534244
2017-04-26,0.7865890410958905
2017-04-27,0.7650958904109597
2017-04-28,0.7944520547945206
2017-05-02,0.8001643835616434
2017-05-03,0.7825342465753433
2017-05-04,0.7914246575342467
2017-05-05,0.7669726027397257
2017-05-08,0.7572602739726033
2017-05-09,0.7762191780821919
2017-05-10,0.8351780821917814
2017-05-11,0.9034109589041108
2017-05-12,0.9358904109589048
2017-05-15,0.9752328767123277
2017-05-16,1.0140821917808225
2017-05-17,0.9729315068493154
2017-05-18,1.2229452054794514
2017-05-19,1.2323287671232883
2017-05-22,1.197000000000001
2017-05-23,1.2349999999999994
2017-05-24,1.2405205479452057
2017-05-25,0.9964246575342468
2017-05-26,1.0928493150684933
2017-05-29,1.3114794520547939
2017-05-30,1.274246575342465
2017-05-31,1.1514657534246577
2017-06-01,1.0407671232876705
2017-06-02,1.0769178082191786
2017-06-05,1.0327260273972598
2017-06-06,1.1041780821917797
2017-06-07,1.1726712328767128
2017-06-08,1.211164383561643
2017-06-09,1.2652876712328762
2017-06-12,1.3262328767123286
2017-06-13,1.258109589041096
2017-06-14,1.2395890410958916
2017-06-16,1.2145479452054797
2017-06-19,1.1245890410958896
2017-06-20,1.137753424657534
2017-06-21,1.206273972602741
2017-06-22,1.3911643835616445
2017-06-23,1.3910273972602738
2017-06-26,1.3808493150684935
2017-06-27,1.34417808219178
2017-06-28,1.4374520547945195
2017-06-29,1.295095890410959
2017-06-30,1.298452054794522
2017-07-03,1.303328767123288
2017-07-04,1.3315479452054788
2017-07-05,1.4447397260273984
2017-07-06,1.43276712328767
2017-07-07,1.4860958904109598
2017-07-10,1.441191780821919
2017-07-11,1.3942191780821904
2017-07-12,1.4071917808219183
2017-07-13,1.3366164383561632
2017-07-14,1.3496164383561648
2017-07-17,1.3407534246575352
2017-07-18,1.3600136986301372
2017-07-19,1.3384520547945211
2017-07-20,1.381397260273971
2017-07-21,1.3208493150684912
2017-07-24,1.3418493150684938
2017-07-25,1.354712328767123
2017-07-26,1.3505479452054807
2017-07-27,1.4375342465753427
2017-07-28,1.472986301369863
2017-07-31,1.5833561643835612
2017-08-01,1.563219178082191
2017-08-02,1.5756438356164395
2017-08-03,1.5056438356164392
2017-08-04,1.4698493150684921
2017-08-07,1.4188493150684938
2017-08-08,1.455123287671233
2017-08-09,1.489205479452055
2017-08-10,1.5430684931506846
2017-08-11,1.545
2017-08-14,1.529
2017-08-15,1.5245890410958882
2017-08-16,1.5312328767123287
2017-08-17,1.5604794520547962
2017-08-18,1.5695616438356161
2017-08-21,1.5431506849315078
2017-08-22,1.5926301369863012
2017-08-23,1.6031780821917803
2017-08-24,1.6373835616438353
2017-08-25,1.678684931506849
2017-08-28,1.695383561643835
2017-08-29,1.7099315068493155
2017-08-30,1.7176027397260274
2017-08-31,1.7552739726027404
2017-09-01,1.6529863013698627
2017-09-04,1.6632328767123283
2017-09-05,1.6049999999999986
2017-09-06,1.6234246575342457
2017-09-08,1.6227260273972615
2017-09-11,1.607726027397261
2017-09-12,1.6470547945205478
2017-09-13,1.7040000000000006
2017-09-14,1.6737534246575336
2017-09-15,1.6826712328767126
2017-09-18,1.7019041095890426
2017-09-19,1.721027397260273
2017-09-20,1.7558904109589033
2017-09-21,1.7952465753424658
2017-09-22,1.8047671232876716
2017-09-25,1.833698630136987
2017-09-26,1.8620821917808206
2017-09-27,1.869780821917809
2017-09-28,1.8848904109589038
2017-09-29,1.8451780821917811
2017-10-02,1.8057945205479449
2017-10-03,1.823520547945206
2017-10-04,1.8033698630136978
2017-10-05,1.7957534246575344
2017-10-06,1.8375068493150675
2017-10-09,1.7081780821917807
2017-10-10,1.7079452054794517
2017-10-11,1.757657534246576
2017-10-13,1.8112739726027396
2017-10-16,1.807493150684933
2017-10-17,1.8168493150684943
2017-10-18,1.7279863013698629
2017-10-19,1.7193561643835613
2017-10-20,1.676712328767123
2017-10-23,1.6427945205479446
2017-10-24,1.6239178082191774
2017-10-25,1.6330821917808231
2017-10-26,1.6203698630136998
2017-10-27,1.6427808219178086
2017-10-30,1.5949315068493153
2017-10-31,1.63545205479452
2017-11-01,1.6789589041095887
2017-11-03,1.753931506849316
2017-11-06,1.8255068493150688
2017-11-07,1.7806712328767116
2017-11-08,1.777356164383562
2017-11-09,1.8068493150684937
2017-11-10,1.82931506849315
2017-11-13,1.8200821917808216
2017-11-14,1.8852739726027394
2017-11-16,2.0357945205479453
2017-11-17,1.916054794520548
2017-11-21,1.8553698630136974
2017-11-22,1.8041917808219186
2017-11-23,1.8618493150684916
2017-11-24,1.8804794520547947
2017-11-27,1.9509863013698627
2017-11-28,1.9556438356164385
2017-11-29,1.9095205479452062
2017-11-30,2.0156438356164372
2017-12-01,2.0761506849315055
2017-12-04,2.0802054794520526
2017-12-05,2.0551095890410966
2017-12-06,2.0208219178082185
2017-12-07,2.0179315068493153
2017-12-08,2.0043424657534246
2017-12-11,1.984136986301369
2017-12-12,2.072123287671232
2017-12-13,2.0874109589041083
2017-12-14,2.0571232876712333
2017-12-15,2.0841917808219197
2017-12-18,2.1603013698630154
2017-12-19,2.2679452054794513
2017-12-20,2.3337945205479453
2017-12-21,2.2979726027397263
2017-12-22,2.1938356164383546
2017-12-26,2.249739726027398
2017-12-27,2.1655342465753424
2017-12-28,2.231890410958904
2017-12-29,2.2284931506849315
2018-01-02,2.156372950819672
2018-01-03,2.1541256830601094
2018-01-04,2.132062841530054
2018-01-05,2.119856557377048
2018-01-08,2.0832991803278684
2018-01-09,2.031769125683061
2018-01-10,1.9994945355191245
2018-01-11,1.9183401639344257
2018-01-12,1.877062841530054
2018-01-15,1.8014754098360646
2018-01-16,1.8978142076502742
2018-01-17,1.855737704918031
2018-01-18,1.8231830601092884
2018-01-19,1.742342896174863
2018-01-22,1.79594262295082
2018-01-23,1.8420491803278694
2018-01-24,1.8592759562841525
2018-01-26,1.7198360655737703
2018-01-29,1.7831557377049183
2018-01-30,1.7699521857923495
2018-01-31,1.6987499999999995
2018-02-01,1.6463114754098367
2018-02-05,1.6643442622950797
2018-02-06,1.7312158469945356
2018-02-07,1.7087173140319791
2018-02-08,1.7678705437569615
2018-02-09,1.9079171245318562
2018-02-14,1.9906937498598367
2018-02-15,2.0598076966203953
2018-02-16,2.0770825671099544
2018-02-19,2.1480670146442096
2018-02-20,2.1976419288645683
2018-02-21,2.21452344643538
2018-02-22,2.2529858884079754
2018-02-23,2.01808278763278
2018-02-26,2.0894976191010146
2018-02-27,1.9815870168120622
2018-02-28,2.00762196967998
2018-03-01,2.0598422514259234
2018-03-02,2.030089610758524
2018-03-05,2.0647809442114635
2018-03-06,2.038618863672042
2018-03-07,2.105314366501463
2018-03-08,2.1604581268267893
2018-03-09,2.189592210311498
2018-03-12,2.22907147742818
2018-03-13,2.191674235458575
2018-03-14,2.1173849169862384
2018-03-15,2.024295065147675
2018-03-16,2.0292010719651943
2018-03-19,2.0263851917053515
2018-03-20,2.048696728786825
2018-03-21,2.0294127458455744
2018-03-22,2.137863956104745
2018-03-23,2.204000405537739
2018-03-26,2.299056741644427
2018-03-27,2.3185274494853223
2018-03-28,2.3205669398907105
2018-03-29,2.348649484574616
2018-04-02,2.3261679206566344
2018-04-03,2.3076231377034233
2018-04-04,2.40744584108901
2018-04-05,2.3165786537642115
2018-04-06,2.411596164771667
2018-04-09,2.4286650146143085
2018-04-10,2.4134567139856324
2018-04-11,2.484064917808527
2018-04-12,2.4075575228185064
2018-04-13,2.5352695704663875
2018-04-16,2.6253134133943323
2018-04-17,2.5907625698010808
2018-04-18,2.5741098633506017
2018-04-19,2.5120131678290827
2018-04-20,2.531639820815859
2018-04-23,2.548280118185284
2018-04-24,2.6292755918608393
2018-04-25,2.744289552077027
2018-04-26,2.625646991545379
2018-04-27,2.58299916649847
2018-04-30,2.5175992819926307
2018-05-02,2.5128162353389714
2018-05-03,2.42706516823275
2018-05-04,2.4446178133853618
2018-05-07,2.4273235723950286
2018-05-08,2.384671206072974
2018-05-09,2.509377751863231
2018-05-10,2.5314115236258434
2018-05-11,2.440114008432195
2018-05-14,2.3752465463882855
2018-05-15,2.361132281925352
2018-05-16,2.4578614051415464
2018-05-17,2.1912309378574157
2018-05-18,2.301154352896323
2018-05-21,2.4945279690221493
2018-05-22,2.565705803861767
2018-05-23,2.7891749736493923
2018-05-24,2.851082197080128
2018-05-25,2.8140689731859183
2018-05-28,2.9769210341399237
2018-05-29,2.9402833251104497
2018-05-30,3.1603342228999853
2018-06-01,3.2660014352672064
2018-06-04,3.227797705815073
2018-06-05,3.480943015406698
2018-06-06,3.7795206058023645
2018-06-07,3.3075157262676314
2018-06-08,3.0116758800355825
2018-06-11,2.6010950920589355
2018-06-12,2.554283487699312
2018-06-13,2.5449530174250405
2018-06-14,2.4829890000224264
2018-06-15,2.3914386030813404
2018-06-18,2.7625098020527297
2018-06-19,2.842407604673589
2018-06-20,2.796365961367391
2018-06-21,2.882316134421746
2018-06-22,2.8983546287367403
2018-06-25,2.970240603485008
2018-06-26,2.876470354630605
2018-06-27,2.9607498617060255
2018-06-28,2.924199754434751
2018-06-29,3.0493297601160165
2018-07-02,2.728746458552921
2018-07-03,2.6186783113931824
2018-07-04,2.6135623219932285
2018-07-05,2.5486922342326164
2018-07-06,2.6056972072092286
2018-07-10,2.554895074118095
2018-07-11,2.570523928595456
2018-07-12,2.637166683486205
2018-07-13,2.666572570698124
2018-07-16,2.686139523670695
2018-07-17,2.8138351629252547
2018-07-18,2.7826158398929515
2018-07-19,2.7121552835774043
2018-07-20,2.5335861963923954
2018-07-23,2.4011907952277376
2018-07-24,2.4424135849536146
2018-07-25,2.4969287244062706
2018-07-26,2.496666292899164
2018-07-27,2.5787117355520177
2018-07-30,2.629218554940083
2018-07-31,2.665773194142316
2018-08-01,2.7669550563267613
2018-08-02,2.8170576835385326
2018-08-03,2.796997544347514
2018-08-06,2.6252824000358803
2018-08-07,2.69976476007864
2018-08-08,2.6372144135961673
2018-08-09,2.796545238949564
2018-08-10,2.797675212860593
2018-08-13,2.773181294057844
2018-08-14,2.7726471335770295
2018-08-15,2.879930339081879
2018-08-16,2.862034369790617
2018-08-17,2.953806270697376
2018-08-20,3.02612852556196
2018-08-21,3.0361380940100027
2018-08-22,3.176381743700148
2018-08-23,3.0798022022381204
2018-08-24,2.94040350070642
2018-08-27,2.806440621425848
2018-08-28,2.8220872765804774
2018-08-29,2.950595990969777
2018-08-30,2.9874608945751397
2018-08-31,2.8811656313306866
2018-09-03,2.81050103533598
2018-09-04,2.7789391543884037
2018-09-05,2.863517946446592
2018-09-06,2.918267466155351
2018-09-10,2.9062688378820862
2018-09-11,3.0526739140185235
2018-09-12,3.0942744518699588
2018-09-13,3.0684227665522936
2018-09-14,2.9249487845080857
2018-09-17,2.880176464981723
2018-09-18,2.9153043495324162
2018-09-19,2.921185590515277
2018-09-20,2.76802118140432
2018-09-21,2.699243139497506
2018-09-24,2.5671845776053477
2018-09-25,2.5731304990543684
2018-09-26,2.607008645242315
2018-09-27,2.5150074846942214
2018-09-28,2.509609730663138
2018-10-01,2.5881503834854573
2018-10-02,2.45873461012312
2018-10-03,2.294453682731193
2018-10-04,2.35141435491467
2018-10-05,2.1540424917584247
2018-10-08,2.1883981633064966
2018-10-09,2.2308453779910735
2018-10-10,2.3255708551052905
2018-10-11,2.3281326108407523
2018-10-15,2.412662420667848
2018-10-16,2.1958486578008998
2018-10-17,2.1199594929470074
2018-10-18,2.016194682409754
2018-10-19,2.0470706719592133
2018-10-22,1.9899403093299846
2018-10-23,2.0765990895023645
2018-10-24,2.1813863223520418
2018-10-25,2.2509358016939114
2018-10-26,2.279509766544818
2018-10-29,2.084797492767599
2018-10-30,2.1991862894605037
2018-10-31,2.188420430505408
2018-11-01,2.1861701352290828
2018-11-05,2.1040218411039593
2018-11-06,2.211601958167943
2018-11-07,2.2111504003049935
2018-11-08,2.324741577149352
2018-11-09,2.451771620581134
2018-11-12,2.4189935188715204
2018-11-13,2.477527107488058
2018-11-14,2.5488233892489527
2018-11-16,2.3975868168464487
2018-11-19,2.3373025666614335
2018-11-20,2.290299911043334
2018-11-21,2.3277046190187862
2018-11-22,2.2601305756767056
2018-11-23,2.17280239659722
2018-11-26,2.1247568455517936
2018-11-27,2.272769439647763
2018-11-28,2.2165265692628546
2018-11-29,2.2873676582718483
2018-11-30,2.1076901915932202
2018-12-03,2.0289067674343855
2018-12-04,2.091632952838017
2018-12-05,2.158742291045278
2018-12-06,2.265587328907926
2018-12-07,2.1687442813572257
2018-12-10,2.2990105066044713
2018-12-11,2.392856396657023
2018-12-12,2.369885729930555
2018-12-13,2.4003436231526534
2018-12-14,2.276499274891046
2018-12-17,2.177476901168397
2018-12-18,2.15208745412004
2018-12-19,2.1895056737906753
2018-12-20,2.1174910669567097
2018-12-21,2.0943495884819816
2018-12-24,1.9581138009912316
2018-12-26,1.923585458201579
2018-12-27,1.9166455581470085
2018-12-28,1.8595896593482992
2019-01-02,1.8092089041095898
2019-01-03,1.9276267123287667
2019-01-04,1.9510958904109597
2019-01-07,1.796712328767124
2019-01-08,1.7406952054794518
2019-01-09,1.7195205479452058
2019-01-10,1.7083561643835612
2019-01-11,1.6773767123287664
2019-01-14,1.7227910958904111
2019-01-15,1.7014143835616444
2019-01-16,1.7397397260273975
2019-01-17,1.747917808219178
2019-01-18,1.785589041095891
2019-01-21,1.7060171232876709
2019-01-22,1.655092465753425
2019-01-23,1.752749999999999
2019-01-24,1.702174657534247
2019-01-25,1.8236232876712322
2019-01-28,1.819342465753424
2019-01-29,1.818373287671232
2019-01-30,1.8516643835616433
2019-01-31,1.9185273972602737
2019-02-01,1.8194315068493152
2019-02-04,1.7303424657534245
2019-02-05,1.7076164383561636
2019-02-06,1.7738630136986302
2019-02-07,1.7320000000000002
2019-02-08,1.7880821917808216
2019-02-11,1.6789931506849323
2019-02-12,1.7049589041095903
2019-02-13,1.710821917808218
2019-02-14,1.7965753424657525
2019-02-15,1.7483150684931505
2019-02-18,1.7728082191780814
2019-02-19,1.768315068493152
2019-02-20,1.690493150684933
2019-02-21,1.787458904109589
2019-02-22,1.7912328767123284
2019-02-25,1.755705479452054
2019-02-26,1.756602739726027
2019-02-27,1.7447397260273965
2019-02-28,1.7744520547945193
2019-03-01,1.7868150684931505
2019-03-06,1.8140890410958903
2019-03-07,1.7563013698630128
2019-03-08,1.7384863013698633
2019-03-11,1.688321917808219
2019-03-12,1.6802808219178083
2019-03-13,1.702349315068493
2019-03-14,1.7227739726027398
2019-03-15,1.7489383561643832
2019-03-18,1.6895136986301367
2019-03-19,1.7198150684931512
2019-03-20,1.7322945205479456
2019-03-21,1.728431506849315
2019-03-22,1.7931780821917815
2019-03-25,1.801130136986302
2019-03-26,1.766006849315069
2019-03-27,1.813315068493151
2019-03-28,1.7613424657534242
2019-03-29,1.7097739726027399
2019-04-01,1.6606164383561648
2019-04-02,1.6725958904109586
2019-04-03,1.7120410958904104
2019-04-04,1.7351369863013701
2019-04-05,1.6795273972602738
2019-04-08,1.6765410958904097
2019-04-09,1.7256849315068488
2019-04-10,1.6564931506849323
2019-04-11,1.674630136986302
2019-04-12,1.6208835616438355
2019-04-15,1.6486712328767137
2019-04-16,1.6502945205479458
2019-04-17,1.672554794520548
2019-04-18,1.6976232876712318
2019-04-22,1.7494589041095887
2019-04-23,1.7535273972602736
2019-04-24,1.678458904109588
2019-04-25,1.6798904109589037
2019-04-26,1.7010000000000014
2019-04-29,1.658047945205479
2019-04-30,1.64936301369863
2019-05-02,1.655602739726028
2019-05-03,1.640321917808219
2019-05-06,1.6379383561643834
2019-05-07,1.6225958904109588
2019-05-08,1.6071986301369865
2019-05-09,1.6417465753424656
2019-05-10,1.656520547945206
2019-05-13,1.677404109589042
2019-05-14,1.705
2019-05-15,1.72031506849315
2019-05-16,1.7773150684931496
2019-05-17,1.7852876712328758
2019-05-20,1.8209246575342464
2019-05-21,1.7564452054794524
2019-05-22,1.7128493150684934
2019-05-23,1.7816917808219177
2019-05-24,1.7936643835616435
2019-05-27,1.793965753424657
2019-05-28,1.8050273972602735
2019-05-29,1.7654109589041092
2019-05-30,1.6647876712328769
2019-05-31,1.6790068493150683
2019-06-03,1.7638698630136984
2019-06-04,1.6029041095890406
2019-06-05,1.5714246575342452
2019-06-06,1.6099452054794519
2019-06-07,1.6384726027397267
2019-06-10,1.6955821917808214
2019-06-11,1.669746575342466
2019-06-12,1.5799178082191778
2019-06-13,1.5923630136986304
2019-06-14,1.6081095890410957
2019-06-17,1.6418287671232878
2019-06-18,1.654897260273973
2019-06-19,1.6426369863013708
2019-06-21,1.5631164383561647
2019-06-24,1.5760958904109588
2019-06-25,1.5379109589041091
2019-06-26,1.4788219178082196
2019-06-27,1.3943219178082185
2019-06-28,1.4385958904109586
2019-07-01,1.3597739726027394
2019-07-02,1.23863698630137
2019-07-03,1.2325
2019-07-04,1.3214452054794519
2019-07-05,1.3852260273972599
2019-07-08,1.4572260273972608
2019-07-09,1.441335616438356
2019-07-10,1.4503082191780825
2019-07-11,1.4249383561643842
2019-07-12,1.421616438356165
2019-07-15,1.4588219178082191
2019-07-16,1.4402123287671236
2019-07-17,1.5223493150684932
2019-07-18,1.4881506849315072
2019-07-19,1.5293082191780822
2019-07-22,1.5048561643835612
2019-07-23,1.5381164383561643
2019-07-24,1.4991095890410957
2019-07-25,1.4890821917808212
2019-07-26,1.511013698630137
2019-07-29,1.5043698630136992
2019-07-30,1.5131917808219182
2019-07-31,1.506246575342466
2019-08-01,1.5434520547945212
2019-08-02,1.5389041095890414
2019-08-05,1.4929863013698625
2019-08-06,1.4115616438356167
2019-08-07,1.4640753424657529
2019-08-08,1.420684931506849
2019-08-09,1.435294520547946
2019-08-12,1.5127739726027398
2019-08-13,1.477404109589041
2019-08-14,1.4440136986301377
2019-08-15,1.412561643835617
2019-08-16,1.4249041095890407
2019-08-19,1.4430410958904103
2019-08-20,1.4516164383561643
2019-08-21,1.462993150684932
2019-08-22,1.471472602739726
2019-08-23,1.4671575342465752
2019-08-26,1.4324315068493148
2019-08-27,1.4018150684931507
2019-08-28,1.4431438356164383
2019-08-29,1.451773972602739
2019-08-30,1.488068493150685
2019-09-02,1.506397260273972
2019-09-03,1.4813835616438356
2019-09-04,1.4631643835616437
2019-09-05,1.4550547945205476
2019-09-06,1.5099315068493144
2019-09-09,1.5382191780821914
2019-09-10,1.5596849315068493
2019-09-11,1.548013698630137
2019-09-12,1.4902328767123283
2019-09-13,1.541643835616438
2019-09-16,1.5755479452054795
2019-09-17,1.5709041095890406
2019-09-18,1.541979452054795
2019-09-19,1.6260753424657537
2019-09-20,1.6700616438356164
2019-09-23,1.6420890410958906
2019-09-24,1.6303767123287667
2019-09-25,1.6440616438356157
2019-09-26,1.634280821917808
2019-09-27,1.6225958904109588
2019-09-30,1.6101027397260275
2019-10-01,1.630924657534246
2019-10-02,1.606678082191781
2019-10-03,1.6437260273972605
2019-10-04,1.652027397260274
2019-10-07,1.6404863013698634
2019-10-08,1.6487465753424653
2019-10-09,1.697006849315068
2019-10-10,1.7561164383561634
2019-10-11,1.7631849315068493
2019-10-14,1.6899931506849315
2019-10-15,1.6964589041095888
2019-10-16,1.7051027397260272
2019-10-17,1.7674589041095894
2019-10-18,1.6761849315068496
2019-10-21,1.7243493150684932
2019-10-22,1.6750068493150687
2019-10-23,1.6636780821917814
2019-10-24,1.688541095890411
2019-10-25,1.7228972602739727
2019-10-28,1.7424178082191784
2019-10-29,1.7121712328767122
2019-10-30,1.7369863013698623
2019-10-31,1.6570547945205485
2019-11-01,1.6124520547945203
2019-11-04,1.5173150684931498
2019-11-05,1.4371917808219186
2019-11-06,1.4889452054794523
2019-11-07,1.5113493150684931
2019-11-08,1.6358561643835614
2019-11-11,1.6353630136986297
2019-11-12,1.6323219178082198
2019-11-13,1.6313698630136981
2019-11-14,1.5697260273972606
2019-11-18,1.5231506849315073
2019-11-19,1.5038904109589035
2019-11-21,1.5633356164383567
2019-11-22,1.5360068493150685
2019-11-25,1.582431506849315
2019-11-26,1.6065000000000005
2019-11-27,1.610513698630137
2019-11-28,1.608527397260274
2019-11-29,1.631952054794521
2019-12-02,1.607239726027398
2019-12-03,1.5069794520547948
2019-12-04,1.5042671232876712
2019-12-05,1.5297260273972597
2019-12-06,1.5282808219178081
2019-12-09,1.569917808219178
2019-12-10,1.607602739726027
2019-12-11,1.5850479452054804
2019-12-12,1.624541095890411
2019-12-13,1.59472602739726
2019-12-16,1.6098356164383558
2019-12-17,1.5903630136986298
2019-12-18,1.5707876712328765
2019-12-19,1.6190342465753433
2019-12-20,1.6379109589041088
2019-12-23,1.6301712328767124
2019-12-26,1.5730890410958898
2019-12-27,1.5313767123287674
2019-12-30,1.5252054794520546
2020-01-02,1.4893082191780822
2020-01-03,1.4578424657534246
2020-01-06,1.5137123287671228
2020-01-07,1.54208904109589
2020-01-08,1.5806506849315065
2020-01-09,1.649006849315068
2020-01-10,1.5682397260273975
2020-01-13,1.6040890410958903
2020-01-14,1.6815068493150687
2020-01-15,1.7098424657534244
2020-01-16,1.7091438356164383
2020-01-17,1.7368561643835614
2020-01-20,1.6518698630136992
2020-01-21,1.7003493150684923
2020-01-22,1.739109589041096
2020-01-23,1.7276027397260272
2020-01-24,1.7060958904109587
2020-01-27,1.7408767123287667
2020-01-28,1.7500684931506854
2020-01-29,1.6500684931506857
2020-01-30,1.6697876712328767
2020-01-31,1.6687808219178084
2020-02-03,1.6354794520547946
2020-02-04,1.6341095890410955
2020-02-05,1.611794520547945
2020-02-06,1.412342465753425
2020-02-07,1.5069999999999997
2020-02-10,1.6614315068493148
2020-02-11,1.5989657534246575
2020-02-12,1.6608767123287667
2020-02-13,1.7050342465753427
2020-02-14,1.6660068493150675
2020-02-17,1.6888493150684933
2020-02-18,1.734486301369862
2020-02-19,1.7762191780821919
2020-02-20,1.8205821917808214
2020-02-21,1.897739726027397
2020-02-26,1.953972602739726
2020-02-27,2.0487328767123287
2020-02-28,2.072568493150685
2020-03-02,2.3121780821917817
2020-03-03,2.1490684931506845
2020-03-04,2.3693835616438363
2020-03-05,2.3388835616438346
2020-03-06,2.3060410958904116
2020-03-09,2.4336986301369867
2020-03-10,2.5833356164383563
2020-03-11,2.5376575342465753
2020-03-12,2.7423013698630143
2020-03-13,2.790554794520548
2020-03-16,3.1513013698630132
2020-03-17,3.0879726027397254
2020-03-18,3.2422671232876716
2020-03-19,2.591267123287671
2020-03-20,3.367458904109588
2020-03-23,3.734582191780823
2020-03-24,3.8164041095890404
2020-03-25,4.173089041095891
2020-03-26,3.8831575342465747
2020-03-27,3.290705479452055
2020-03-30,3.210253424657534
2020-03-31,3.366787671232877
2020-04-01,3.473787671232876
2020-04-02,3.335445205479453
2020-04-03,3.6668835616438367
2020-04-06,3.4986438356164395
2020-04-07,3.4406712328767126
2020-04-08,3.611438356164383
2020-04-09,3.557198630136986
2020-04-13,3.597157534246575
2020-04-14,3.691438356164383
2020-04-15,3.6001506849315064
2020-04-16,3.3841986301369857
2020-04-17,3.2415753424657536
2020-04-20,3.2104999999999997
2020-04-22,3.512705479452055
2020-04-23,3.63068493150685
2020-04-24,3.6695
2020-04-27,3.771239726027397
2020-04-28,3.9298972602739717
2020-04-29,3.6956027397260263
2020-04-30,3.6460547945205475
2020-05-04,3.7125821917808226
2020-05-05,3.5416164383561637
2020-05-06,3.8236575342465757
2020-05-07,3.95322602739726
2020-05-08,4.146232876712329
2020-05-11,4.216376712328767
2020-05-12,4.181931506849315
2020-05-13,4.317020547945205
2020-05-14,4.248157534246575
2020-05-15,4.137294520547946
2020-05-18,4.17445205479452
2020-05-19,4.137958904109589
2020-05-20,4.076630136986301
2020-05-21,3.9292945205479457
2020-05-22,3.7968219178082196
2020-05-25,3.5210890410958906
2020-05-26,3.492315068493151
2020-05-27,3.508698630136986
2020-05-28,3.542157534246576
2020-05-29,3.487561643835616
2020-06-01,3.5081369863013703
2020-06-02,3.4514383561643833
2020-06-03,3.4367397260273975
2020-06-04,3.3832739726027405
2020-06-05,3.4529657534246567
2020-06-08,3.3739794520547948
2020-06-09,3.3083082191780817
2020-06-10,3.276054794520548
2020-06-12,3.278767123287671
2020-06-15,3.2923835616438355
2020-06-16,3.2807671232876707
2020-06-17,3.364691780821918
2020-06-18,3.3464383561643833
2020-06-19,3.409904109589041
2020-06-22,3.511849315068493
2020-06-23,3.5289178082191777
2020-06-24,3.518869863013699
2020-06-25,3.568986301369864
2020-06-26,3.491109589041096
2020-06-29,3.535760273972603
2020-06-30,3.4727876712328767
2020-07-01,3.3426849315068496
2020-07-02,3.3249999999999997
2020-07-03,3.264828767123288
2020-07-06,3.1292602739726028
2020-07-07,3.0863013698630137
2020-07-08,3.131143835616438
2020-07-09,2.956397260273972
2020-07-10,2.958958904109589
2020-07-13,2.964020547945205
2020-07-14,3.0301164383561647
2020-07-15,2.9665205479452057
2020-07-16,2.9554863013698633
2020-07-17,3.0059589041095887
2020-07-20,2.9413904109589044
2020-07-21,2.998828767123288
2020-07-22,2.9951712328767126
2020-07-23,3.0941917808219177
2020-07-24,3.2405410958904115
2020-07-27,3.334623287671233
2020-07-28,3.300890410958905
2020-07-29,3.2712945205479453
2020-07-30,3.287890410958904
2020-07-31,3.2529794520547948
2020-08-03,3.1657876712328767
2020-08-04,3.2011027397260277
2020-08-05,3.161164383561644
2020-08-06,3.386780821917808
2020-08-07,3.3672534246575343
2020-08-10,3.3154589041095885
2020-08-11,3.3826027397260274
2020-08-12,3.458486301369863
2020-08-13,3.444554794520548
2020-08-14,3.627479452054795
2020-08-17,3.57645205479452
2020-08-18,3.5780890410958905
2020-08-19,3.5590205479452055
2020-08-20,3.7228150684931514
2020-08-21,3.5584589041095884
2020-08-24,3.4859246575342464
2020-08-25,3.504095890410959
2020-08-26,3.5013013698630138
2020-08-27,3.506232876712329
2020-08-28,3.4361849315068493
2020-08-31,3.375753424657534
2020-09-01,3.3828561643835617
2020-09-02,3.361739726027397
2020-09-03,3.362130136986301
2020-09-04,3.347643835616439
2020-09-08,3.347815068493151
2020-09-09,3.3315068493150695
2020-09-10,3.3097945205479444
2020-09-11,3.4849178082191785
2020-09-14,3.4349589041095894
2020-09-15,3.4460273972602735
2020-09-16,3.4511712328767126
2020-09-17,3.48841095890411
2020-09-18,3.475698630136986
2020-09-21,3.4884589041095895
2020-09-22,3.4338150684931508
2020-09-23,3.3921027397260266
2020-09-24,3.4743150684931514
2020-09-25,3.44458904109589
2020-09-28,3.403630136986301
2020-09-29,3.533630136986301
2020-09-30,3.382328767123288
2020-10-01,3.393452054794521
2020-10-02,3.223445205479452
2020-10-05,3.0368150684931505
2020-10-06,3.097301369863014
2020-10-07,3.102630136986301
2020-10-08,3.334897260273973
2020-10-09,3.4845547945205473
2020-10-13,3.4631506849315077
2020-10-14,3.3985136986301363
2020-10-15,3.423458904109589
2020-10-16,3.3798013698630145
2020-10-19,3.2718493150684944
2020-10-20,3.277226027397261
2020-10-21,3.2468219178082185
2020-10-22,3.2791643835616435
2020-10-23,3.267294520547945
2020-10-26,3.139602739726027
2020-10-27,3.138541095890412
2020-10-28,3.0888835616438355
2020-10-29,2.9359589041095893
2020-10-30,2.9252739726027395
2020-11-03,2.9036164383561642
2020-11-04,2.8062671232876717
2020-11-05,2.8338013698630133
2020-11-06,2.7930821917808224
2020-11-09,2.7435616438356174
2020-11-10,2.6659999999999995
2020-11-11,2.793383561643835
2020-11-12,2.8800342465753426
2020-11-13,2.8966232876712334
2020-11-16,2.822609589041096
2020-11-17,2.9101917808219184
2020-11-18,2.9321095890410955
2020-11-19,3.0503767123287666
2020-11-20,3.0253287671232885
2020-11-23,3.02667808219178
2020-11-24,2.9018493150684916
2020-11-25,2.8695000000000004
2020-11-26,2.8886095890410965
2020-11-27,2.9790684931506854
2020-11-30,2.962650684931507
2020-12-01,2.972876712328768
2020-12-02,2.978102739726027
2020-12-03,3.0329041095890403
2020-12-04,2.880102739726028
2020-12-07,2.8276301369863015
2020-12-08,2.890308219178082
2020-12-09,2.905753424657534
2020-12-10,2.77363698630137
2020-12-11,2.76413698630137
2020-12-14,2.8182534246575344
2020-12-15,2.8669589041095893
2020-12-16,2.868082191780821
2020-12-17,2.8060479452054787
2020-12-18,2.7267808219178074
2020-12-21,2.696424657534247
2020-12-22,2.6811780821917806
2020-12-23,2.686671232876712
2020-12-28,2.702897260273973
2020-12-29,2.6642808219178082
2020-12-30,2.5755479452054786
2021-01-04,2.538608071135431
2021-01-05,2.5465971272229817
2021-01-06,2.4895793433652527
2021-01-07,2.557462380300957
2021-01-08,2.70032831737346
2021-01-11,2.6690287277701774
2021-01-12,2.5274247606019156
2021-01-13,2.540547195622435
2021-01-14,2.433960328317374
2021-01-15,2.3078248974008213
2021-01-18,2.2878009575923386
2021-01-19,2.261467168262655
2021-01-20,2.3137209302325576
2021-01-21,2.342421340629274
2021-01-22,2.518676470588235
2021-01-26,2.5206395348837205
2021-01-27,2.5831600547195617
2021-01-28,2.4827086183310536
2021-01-29,2.564442544459644
2021-02-01,2.481826265389877
2021-02-02,2.4365355677154588
2021-02-03,2.424965800273598
2021-02-04,2.5124658002735982
2021-02-05,2.465410396716826
2021-02-08,2.3706124314442407
2021-02-09,2.5257084095063984
2021-02-10,2.5409734917733084
2021-02-11,2.563784277879342
2021-02-12,2.614282449725777
2021-02-17,2.595822669104205
2021-02-18,2.5823217550274222
2021-02-19,2.5096892138939673
2021-02-22,2.616032906764169
2021-02-23,2.5181809872029257
2021-02-24,2.6360466179159046
2021-02-25,2.7572257769652664
2021-02-26,2.629899451553931
2021-03-01,2.548030164533821
2021-03-02,2.5174588665447892
2021-03-03,2.5546069469835464
2021-03-04,2.594040219378427
2021-03-05,2.553546617915904
2021-03-08,2.390543875685558
2021-03-09,2.401750457038391
2021-03-10,2.390287934186472
2021-03-11,2.21648537477148
2021-03-12,2.21876142595978
2021-03-15,2.201585923217551
2021-03-16,2.128624314442413
2021-03-17,2.140566727605119
2021-03-18,1.9365813528336373
2021-03-19,1.878564899451555
2021-03-22,2.0627970749542968
2021-03-23,2.162897623400367
2021-03-24,2.214323583180988
2021-03-25,2.3249177330895803
2021-03-26,2.3509643510054836
2021-03-29,2.3000548446069464
2021-03-30,2.3466499085923225
2021-03-31,2.4154798903107872
2021-04-01,2.442691956124313
2021-04-05,2.371540219378428
2021-04-06,2.397006398537476
2021-04-07,2.408318098720292
2021-04-08,2.4378290676416814
2021-04-09,2.599584095063987
2021-04-12,2.5812522851919555
2021-04-13,2.4798674588665452
2021-04-14,2.484826325411335
2021-04-15,2.566019195612431
2021-04-16,2.5712294332723955
2021-04-19,2.4704433272394883
2021-04-20,2.453724862888482
2021-04-22,2.4703564899451553
2021-04-23,2.4439808043875697
2021-04-26,2.400443327239488
2021-04-27,2.3760877513711156
2021-04-28,2.3788985374771485
2021-04-29,2.4402102376599624
2021-04-30,2.3719652650822667
2021-05-03,2.313190127970751
2021-05-04,2.264556672760511
2021-05-05,2.2813528336380253
2021-05-06,2.255676416819014
2021-05-07,2.2462340036563067
2021-05-10,2.0847394881170027
2021-05-11,2.1831032906764154
2021-05-12,2.1876188299817185
2021-05-13,2.16739945155393
2021-05-14,2.18343692870201
2021-05-17,2.105630712979891
2021-05-18,2.090648994515539
2021-05-19,2.140585009140768
2021-05-20,2.1455118829981714
2021-05-21,2.1443921389396703
2021-05-24,2.166905850091407
2021-05-25,2.1617687385740396
2021-05-26,2.16723491773309
2021-05-27,2.1828107861060335
2021-05-28,2.1173720292504576
2021-05-31,2.0399680073126145
2021-06-01,1.8672623400365618
2021-06-02,1.8633272394881173
2021-06-04,1.8570155393053014
2021-06-07,1.8120658135283358
2021-06-08,1.7802376599634364
2021-06-09,1.767157221206582
2021-06-10,1.7718510054844607
2021-06-11,1.769515539305301
2021-06-14,1.8362614259597798
2021-06-15,1.7734917733089572
2021-06-16,1.740831809872029
2021-06-17,1.5770612431444233
2021-06-18,1.6473583180987195
2021-06-21,1.7802010968921387
2021-06-22,1.6804113345521028
2021-06-23,1.5911197440585019
2021-06-24,1.5292687385740402
2021-06-25,1.5174725776965268
2021-06-28,1.650095978062157
2021-06-29,1.7014579524680071
2021-06-30,1.663217550274223
2021-07-01,1.6014396709323577
2021-07-02,1.5896983546617918
2021-07-05,1.6741819012797068
2021-07-06,1.6090493601462512
2021-07-07,1.5839351005484454
2021-07-08,1.6290082266910417
2021-07-12,1.5824360146252294
2021-07-13,1.5336334552102375
2021-07-14,1.555758683729433
2021-07-15,1.5047623400365628
2021-07-16,1.4538756855575867
2021-07-19,1.5190493601462522
2021-07-20,1.550109689213893
2021-07-21,1.6047806215722114
2021-07-22,1.6394149908592324
2021-07-23,1.48237659963437
2021-07-26,1.3417641681901271
2021-07-27,1.27859689213894
2021-07-28,1.270310786106033
2021-07-29,1.2327513711151727
2021-07-30,1.2998354661791591
2021-08-02,1.242138939670932
2021-08-03,1.314428702010968
2021-08-04,1.2602787934186477
2021-08-05,1.1363848263254113
2021-08-06,1.2621389396709315
2021-08-09,1.2952650822669103
2021-08-10,1.42853290676417
2021-08-11,1.4750137111517354
2021-08-12,1.4693098720292497
2021-08-13,1.509465265082266
2021-08-16,1.4682541133455214
2021-08-17,1.6730255941499088
2021-08-18,1.7529936014625225
2021-08-19,1.824584095063985
2021-08-20,1.7446480804387576
2021-08-23,1.6798583180987219
2021-08-24,1.6921115173674597
2021-08-25,1.5575091407678237
2021-08-26,1.3650868372943332
2021-08-27,1.3634872029250467
2021-08-30,1.3675182815356486
2021-08-31,1.403788848263254
2021-09-01,1.5531672760511874
2021-09-02,1.5047212065813529
2021-09-03,1.5111882998171833
2021-09-06,1.6339031078610606
2021-09-08,1.7108318098720279
2021-09-09,1.5988391224862877
2021-09-10,1.3276325411334557
2021-09-13,1.3169515539305294
2021-09-14,1.4184232175502736
2021-09-15,1.5004204753199275
2021-09-16,1.533793418647166
2021-09-17,1.5313619744058506
2021-09-20,1.5291179159049353
2021-09-21,1.4682815356489929
2021-09-22,1.4277193784277884
2021-09-23,1.3280164533820837
2021-09-24,1.4725411334552092
2021-09-27,1.429702925045703
2021-09-28,1.3957038391224863
2021-09-29,1.3812111517367462
2021-09-30,1.4118281535648993
2021-10-01,1.4049999999999994
2021-10-04,1.3247349177330907
2021-10-05,1.3629798903107861
2021-10-06,1.3661334552102389
2021-10-07,1.4021343692870207
2021-10-08,1.4355347349177325
2021-10-11,1.410041133455211
2021-10-13,1.3822074954296166
2021-10-14,1.2767047531992688
2021-10-15,1.285105118829982
2021-10-18,1.2649954296160875
2021-10-19,1.2897257769652644
2021-10-20,1.1566544789762343
2021-10-21,1.1918510054844607
2021-10-22,0.9854478976234002
2021-10-25,0.6499908592321759
2021-10-26,0.30080438756855443
2021-10-27,-0.01425959780621433
2021-10-28,0.2995475319926868
2021-10-29,-0.26043418647166305
2021-11-01,-0.15566727605118835
2021-11-03,-0.29667733089579507
2021-11-04,-0.1605941499085919
2021-11-05,-0.18459780621572186
2021-11-08,-0.45694698354661867
2021-11-09,-0.501435100548445
2021-11-10,-0.5096435100548451
2021-11-11,-0.6120109689213891
2021-11-12,-0.36385740402193534
2021-11-16,-0.3365447897623408
2021-11-17,-0.3531261425959791
2021-11-18,-0.30175502742230265
2021-11-19,-0.38257312614259575
2021-11-22,-0.3802468007312605
2021-11-23,-0.5062797074954304
2021-11-24,-0.49229433272394907
2021-11-25,-0.34789305301645257
2021-11-26,-0.1778336380255947
2021-11-29,-0.18744972577696473
2021-11-30,-0.2263528336380265
2021-12-01,-0.3768327239488123
2021-12-02,-0.20413162705667176
2021-12-03,-0.12504113345521084
2021-12-06,-0.16328610603290628
2021-12-07,-0.15968007312614318
2021-12-08,-0.1946937842778791
2021-12-09,-0.4630073126142591
2021-12-10,-0.34484003656307216
2021-12-13,-0.4460648994515548
2021-12-14,-0.5963619744058501
2021-12-15,-0.5021252285191959
2021-12-16,-0.5696800731261416
2021-12-17,-0.574328153564899
2021-12-20,-0.40707952468007313
2021-12-21,-0.4085740402193796
2021-12-22,-0.37007312614259646
2021-12-23,-0.3786106032906762
2021-12-27,-0.3978747714808044
2021-12-28,-0.41164533820841065
2021-12-29,-0.44187842778793396
2021-12-30,-0.5303062157221206
2022-01-03,-0.421745886654481
2022-01-04,-0.2763756855575856
2022-01-05,-0.34794332723948784
2022-01-06,-0.3571343692870208
2022-01-07,-0.39352376599634376
2022-01-10,-0.40983546617915856
2022-01-11,-0.42562614259597886
2022-01-12,-0.3541590493601454
2022-01-13,-0.31085009140767816
2022-01-14,-0.36170018281535654
2022-01-17,-0.38010054844606955
2022-01-18,-0.31826325411334366
2022-01-19,-0.2831215722120657
2022-01-20,-0.24042047531992772
2022-01-21,-0.12876599634369335
2022-01-24,0.032221206581352746
2022-01-25,-0.025484460694698896
2022-01-26,-0.1331078610603278
2022-01-27,-0.20468007312614311
2022-01-28,-0.31229433272394935
2022-01-31,-0.3744881170018264
2022-02-01,-0.45185557586837355
2022-02-02,-0.38684643510054784
2022-02-03,-0.19446983546617957
2022-02-04,-0.09223948811700211
2022-02-07,0.0003656307129809022
2022-02-08,-0.09200182815356328
2022-02-09,-0.003619744058500629
2022-02-10,-0.21436014625228417
2022-02-11,-0.3113574040219369
2022-02-14,-0.35350091407678264
2022-02-15,-0.3459277879341869
2022-02-16,-0.39702468007312497
2022-02-17,-0.44826782449725755
2022-02-18,-0.3961974405850093
2022-02-21,-0.2574889460482108
2022-02-22,-0.3283379120535592
2022-02-23,-0.36576234128701124
2022-02-24,-0.22308628459674296
2022-02-25,-0.2972184430934046
2022-03-02,-0.44753973295453164
2022-03-03,-0.44386391259875424
2022-03-04,-0.6578895830259324
2022-03-07,-0.6507282228396658
2022-03-08,-0.48672700490425314
2022-03-09,-0.43345711091715344
2022-03-10,-0.32324762977764543
2022-03-11,-0.45230891918860827
2022-03-14,-0.4882764838429736
2022-03-15,-0.4204501421758273
2022-03-16,-0.37946791602998076
2022-03-17,-0.2551241131204396
2022-03-18,-0.2954879244329849
2022-03-21,-0.32539032704191584
2022-03-22,-0.3178623545417487
2022-03-23,-0.38083329165176494
2022-03-24,-0.35622798275383616
2022-03-25,-0.14568346308805324
2022-03-28,-0.16981691579739788
2022-03-29,-0.19944044996086063
2022-03-30,-0.2757395143763901
2022-03-31,-0.2953785478308504
2022-04-01,-0.3290057695626185
2022-04-04,-0.38871945470505764
2022-04-05,-0.5114435910838111
2022-04-06,-0.48395475132359955
2022-04-07,-0.45296003946410757
2022-04-08,-0.5322273150151187
2022-04-11,-0.43885884828826427
2022-04-12,-0.5887231185148689
2022-04-13,-0.5379872241826451
2022-04-14,-0.5046709323583176
2022-04-18,-0.4526508226691046
2022-04-19,-0.3916977944615194
2022-04-20,-0.33005135585971956
2022-04-22,-0.29565703488997386
2022-04-25,-0.2063746789477232
2022-04-26,-0.2432237649959852
2022-04-27,-0.1624460994805652
2022-04-28,-0.17355941624130722
2022-04-29,-0.20016100756020272
2022-05-02,-0.23860823994577984
2022-05-03,-0.2685961356184823
2022-05-04,-0.20256398537476983
2022-05-05,-0.26688687455765603
2022-05-06,-0.23700116541663618
2022-05-09,-0.24464237214804285
2022-05-10,-0.13088396601785135
2022-05-11,-0.22118576766193776
2022-05-12,-0.178992614859812
2022-05-13,-0.30714586089526996
2022-05-16,-0.4260135748530107
2022-05-17,-0.3926949321882578
2022-05-18,-0.37534191598496314
2022-05-19,-0.32248043675614113
2022-05-20,-0.3678558147037556
2022-05-23,-0.3620792620861959
2022-05-24,-0.39891681901279696
2022-05-25,-0.3569057813168204
2022-05-26,-0.22509129513801085
2022-05-27,-0.10587748870221247
2022-05-30,-0.17115217440234787
2022-05-31,-0.15102400358128065
2022-06-01,-0.11434216482392401
2022-06-02,-0.08954789462232604
2022-06-03,-0.113126355171973
2022-06-06,-0.19276661406452789
2022-06-07,-0.12072770390414433
2022-06-08,-0.10918337680720924
2022-06-09,-0.12150942712019486
2022-06-10,-0.0602480949439439
2022-06-13,-0.05765134785685966
2022-06-14,-0.21244002856020927
2022-06-15,-0.2420554973402993
2022-06-17,-0.07557194822149071
2022-06-20,-0.1211631095616692
2022-06-21,-0.16180305709291076
2022-06-22,-0.033613829444025356
2022-06-23,-0.07017618798720626
2022-06-24,0.0380038363715034
2022-06-27,-0.0738648629384997
2022-06-28,-0.04900107413400434
2022-06-29,-0.04488219538485083
2022-06-30,-0.1564326434200236
2022-07-01,-0.060676197990781944
2022-07-04,-0.048678552310713386
2022-07-05,-0.08733335068102122
2022-07-06,-0.06818553723309329
2022-07-07,-0.024221751769465172
2022-07-08,-0.022072968090169454
2022-07-11,-0.1481887713376544
2022-07-12,-0.2202861439065007
2022-07-13,-0.11721956224350016
2022-07-14,-0.17699754282400448
2022-07-15,-0.21498639445666967
2022-07-18,-0.16360846145839503
2022-07-19,-0.15475807410932063
2022-07-20,-0.07165619609825669
2022-07-21,0.009213647921249901
2022-07-22,-0.04164205153750089
2022-07-25,0.022149545738416876
2022-07-26,-0.003923545024685282
2022-07-27,-0.018996851394753378
2022-07-28,-0.03685777002914392
2022-07-29,-0.030293076785820716
2022-08-01,-0.05983084146196305
2022-08-02,-0.0662375840123719
2022-08-03,0.059379330726223145
2022-08-04,0.1609359015345273
2022-08-05,0.09207635088919375
2022-08-08,-0.011589785433889332
2022-08-09,-0.1907674678819955
2022-08-10,-0.05311046511627815
2022-08-11,-0.05990388761672527
2022-08-12,-0.03891742996490777
2022-08-15,-0.12363881371557639
2022-08-16,-0.19572332421340732
2022-08-17,-0.21514460536489644
2022-08-18,-0.22794296080414078
2022-08-19,-0.3114440276869086
2022-08-22,-0.25731021010527577
2022-08-23,-0.23631789760899302
2022-08-24,-0.3169395148099703
2022-08-25,-0.2881647943555592
2022-08-26,-0.2933053477963483
2022-08-29,-0.15371615342294653
2022-08-30,-0.20461627535240545
2022-08-31,-0.167016018110985
2022-09-01,-0.11133629854874094
2022-09-02,-0.10553870145125899
2022-09-05,-0.19163372464759298
2022-09-06,-0.2703792266401006
2022-09-08,-0.38474578822934546
2022-09-09,-0.44450882501635647
2022-09-12,-0.3951501442336287
2022-09-13,-0.4023236855409511
2022-09-14,-0.33557059641348985
2022-09-15,-0.25954791307321656
2022-09-16,-0.2990041560102288
2022-09-19,-0.299057667429965
2022-09-20,-0.36472597469220247
2022-09-21,-0.3578261613037519
2022-09-22,-0.33517887943853
2022-09-23,-0.20266218848510142
2022-09-26,-0.0696422225361335
2022-09-27,-0.021627721108664844
2022-09-28,0.11957047745791982
2022-09-29,0.15735219770415654
2022-09-30,0.14558834681496613
2022-10-03,-0.026446685600427955
2022-10-04,-0.0440550095164447
2022-10-05,-0.07045266311782505
2022-10-06,-0.06856379735918594
2022-10-07,-0.08012726387319447
2022-10-10,-0.02291340777969353
2022-10-11,-0.0034572020162979555
2022-10-13,0.011205112859094868
2022-10-14,-0.00787041649318887
2022-10-17,-0.05172680738119162
2022-10-18,0.011343993487182402
2022-10-19,-0.01622347662523005
2022-10-20,-0.004796344346637227
2022-10-21,-0.006562388479153469
2022-10-24,0.02917219933979709
2022-10-25,0.08511168812823477
2022-10-26,0.02191680173080357
2022-10-27,0.017650683251055455
2022-10-28,-0.0147397289299942
2022-10-31,-0.018529653393207113
2022-11-01,-0.0896027441563092
2022-11-03,-0.08067682002022103
2022-11-04,-0.08888179905430071
2022-11-07,-0.07575432700886253
2022-11-08,-0.042742836644263704
2022-11-09,0.03667666017367388
2022-11-10,0.18795219844762912
2022-11-11,0.007738543091653227
2022-11-14,-0.1997215324451318
2022-11-16,-0.14522480744067146
2022-11-17,-0.475504520311663
2022-11-18,-0.32068466365312354
2022-11-21,-0.43174794058169397
2022-11-22,-0.3475257055552259
2022-11-23,-0.3422752669065616
2022-11-24,-0.2961341484268125
2022-11-25,-0.24582549589603353
2022-11-28,-0.32373717510260036
2022-11-29,-0.36415874249092894
2022-11-30,-0.3543123438708129
2022-12-01,-0.4023213807767796
2022-12-02,-0.4496082272646156
2022-12-05,-0.4776214090287283
2022-12-06,-0.38588748290013797
2022-12-07,-0.38750884732052526
2022-12-08,-0.32259507152203604
2022-12-09,-0.1780027173913048
2022-12-12,-0.17010869565217313
2022-12-13,-0.20258650300363001
2022-12-14,-0.3641235576637136
2022-12-15,-0.23187691444120695
2022-12-16,-0.2509125193302797
2022-12-19,-0.32269878590971146
2022-12-20,-0.2743375475822294
2022-12-21,-0.15609268125854925
2022-12-22,-0.14940799158389062
2022-12-23,-0.05126358695651945
2022-12-26,0.009844354071253392
2022-12-27,-0.028593238862786308
2022-12-28,-0.0019085491881281058
2022-12-29,0.08857983777434164
2023-01-02,-0.12004109589041079
2023-01-03,-0.005267123287671538
2023-01-04,-0.15041095890411071
2023-01-05,-0.07067123287671073
2023-01-06,-0.11000000000000121
2023-01-09,-0.02571917808219304
2023-01-10,-0.08418493150684903
2023-01-11,-0.033047945205479934
2023-01-12,-0.11654794520547895
2023-01-13,-0.05684931506849189
2023-01-16,-0.007616438356164323
2023-01-17,0.01127397260273888
2023-01-18,0.08180821917808245
2023-01-19,0.18616438356164267
2023-01-20,0.17423972602739646
2023-01-23,0.26999315068493246
2023-01-24,0.4403767123287672
2023-01-25,0.36742465753424547
2023-01-26,0.3873150684931499
2023-01-27,0.34930136986301363
2023-01-30,0.3414863013698639
2023-01-31,0.27676712328767117
2023-02-01,0.20291095890410915
2023-02-02,0.10802054794520366
2023-02-03,0.17722602739726057
2023-02-06,0.13097260273972644
2023-02-07,0.041499999999999204
2023-02-08,0.3493493150684923
2023-02-09,0.5994520547945204
2023-02-10,0.6583561643835623
2023-02-13,0.5634589041095897
2023-02-14,0.4601027397260271
2023-02-15,0.5980547945205483
2023-02-16,0.6775616438356167
2023-02-17,0.6401575342465744
2023-02-22,0.6146027397260259
2023-02-23,0.6769863013698636
2023-02-24,0.6850821917808219
2023-02-27,0.667910958904109
2023-02-28,0.6463698630136996
2023-03-01,0.7011506849315055
2023-03-02,0.8350616438356173
2023-03-03,0.8427328767123292
2023-03-06,0.7793356164383578
2023-03-07,0.8917054794520549
2023-03-08,0.921034246575342
2023-03-09,0.9258287671232885
2023-03-10,0.810787671232875
2023-03-13,0.9094383561643831
2023-03-14,0.7926780821917809
2023-03-15,0.9983219178082194
2023-03-16,1.0236506849315052
2023-03-17,1.0149931506849317
2023-03-20,1.0214726027397276
2023-03-21,1.0030616438356166
2023-03-22,1.064705479452055
2023-03-23,0.884047945205479
2023-03-24,1.0893219178082187
2023-03-27,1.1506917808219193
2023-03-28,0.9959452054794511
2023-03-29,0.8481506849315057
2023-03-30,0.7642123287671225
2023-03-31,0.7962123287671226
2023-04-03,0.7487602739726036
2023-04-04,0.6776027397260282
2023-04-05,0.6265273972602738
2023-04-06,0.5707123287671223
2023-04-10,0.5988904109589033
2023-04-11,0.6936301369863003
2023-04-12,0.6892739726027397
2023-04-13,0.6641986301369869
2023-04-14,0.5413356164383565
2023-04-17,0.4120273972602728
2023-04-18,0.38773287671232737
2023-04-19,0.4612328767123266
2023-04-20,0.5121575342465743
2023-04-24,0.6035273972602742
2023-04-25,0.5900890410958901
2023-04-26,0.576760273972603
2023-04-27,0.47961643835616385
2023-04-28,0.3668150684931497
2023-05-02,0.285931506849316
2023-05-03,0.34322602739726094
2023-05-04,0.34397260273972385
2023-05-05,0.37473972602739636
2023-05-08,0.48070547945205533
2023-05-09,0.533835616438358
2023-05-10,0.6150547945205496
2023-05-11,0.5035342465753416
2023-05-12,0.23943835616438314
2023-05-15,0.1472739726027399
2023-05-16,0.08371917808219287
2023-05-17,0.14076712328767194
2023-05-18,0.12950684931506906
2023-05-19,0.23263698630137064
2023-05-22,0.2747465753424656
2023-05-23,0.2336369863013701
2023-05-24,0.11130136986301409
2023-05-25,0.23747260273972692
2023-05-26,0.2751301369863022
2023-05-29,0.20907534246575388
2023-05-30,0.22749315068493203
2023-05-31,0.25593835616438376
2023-06-01,0.24915068493150727
2023-06-02,0.2407397260273978
2023-06-05,0.11667123287671188
2023-06-06,0.08969863013698642
2023-06-07,0.13156164383561553
2023-06-09,0.22054794520547993
2023-06-12,0.36384246575342516
2023-06-13,0.40931506849315014
2023-06-14,0.4118904109589039
2023-06-15,0.28963698630136925
2023-06-16,0.2884520547945204
2023-06-19,0.26429452054794567
2023-06-20,0.2739863013698649
2023-06-21,0.2749109589041101
2023-06-22,0.07456849315068581
2023-06-23,0.18147260273972599
2023-06-26,0.18628082191780848
2023-06-27,0.20271917808219087
2023-06-28,0.13921232876712253
2023-06-29,0.19152739726027512
2023-06-30,0.21269178082191686
2023-07-03,0.15499999999999936
2023-07-04,0.1816986301369834
2023-07-05,0.19565068493150584
2023-07-06,0.29952054794520677
2023-07-07,0.25613698630136916
2023-07-10,0.2359315068493153
2023-07-11,0.15988356164383433
2023-07-12,0.13004109589041057
2023-07-13,0.10643835616438402
2023-07-14,0.13217808219178018
2023-07-17,0.15532876712328836
2023-07-18,0.1967808219178071
2023-07-19,0.23910958904109592
2023-07-20,0.2896849315068515
2023-07-21,0.3701506849315077
2023-07-24,0.4021301369862993
2023-07-25,0.42694520547945203
2023-07-26,0.4215068493150689
2023-07-27,0.5080753424657534
2023-07-28,0.5271917808219158
2023-07-31,0.5368219178082185
2023-08-01,0.44182876712328856
2023-08-02,0.38273972602739725
2023-08-03,0.4800136986301382
2023-08-04,0.6003287671232869
2023-08-07,0.6019863013698625
2023-08-08,0.5712876712328754
2023-08-09,0.6227123287671237
2023-08-10,0.68413698630137
2023-08-11,0.781287671232878
2023-08-14,0.8490821917808216
2023-08-15,0.7980136986301378
2023-08-16,0.8430410958904115
2023-08-17,0.8755479452054793
2023-08-18,0.8734999999999999
2023-08-21,0.9119863013698648
2023-08-22,0.8874657534246566
2023-08-23,0.8475068493150673
2023-08-24,0.8612876712328763
2023-08-25,0.8509863013698631
2023-08-28,0.7779041095890413
2023-08-29,0.742465753424657
2023-08-30,0.7033287671232884
2023-08-31,0.7763493150684937
2023-09-01,0.8009246575342477
2023-09-04,0.7137739726027394
2023-09-05,0.7744863013698637
2023-09-06,0.8466438356164385
2023-09-08,0.9282328767123289
2023-09-11,0.8959931506849319
2023-09-12,1.0122465753424645
2023-09-13,1.004636986301369
2023-09-14,1.0039999999999996
2023-09-15,1.0148767123287676
2023-09-18,1.0432876712328785
2023-09-19,1.0226986301369863
2023-09-20,1.036273972602741
2023-09-21,1.0111986301369864
2023-09-22,1.0146506849315067
2023-09-25,1.0906301369863023
2023-09-26,1.1012671232876716
2023-09-27,1.1909178082191776
2023-09-28,1.030376712328767
2023-09-29,1.0046917808219185
2023-10-02,0.9548767123287671
2023-10-03,0.9114863013698624
2023-10-04,0.9854794520547934
2023-10-05,1.0842397260273966
2023-10-06,1.0304109589041097
2023-10-09,1.0849520547945222
2023-10-10,1.0148356164383578
2023-10-11,1.014965753424658
2023-10-13,0.9491232876712328
2023-10-16,0.9677054794520554
2023-10-17,0.9327534246575357
2023-10-18,0.8424178082191798
2023-10-19,0.7069383561643843
2023-10-20,0.7351027397260275
2023-10-23,0.8715890410958913
2023-10-24,0.8361917808219168
2023-10-25,0.828739726027397
2023-10-26,0.8961301369863008
2023-10-27,0.8544931506849309
2023-10-30,0.8117328767123286
2023-10-31,0.7865753424657527
2023-11-01,0.7117945205479455
2023-11-03,0.8051095890410966
2023-11-06,0.7798767123287682
2023-11-07,0.7885958904109582
2023-11-08,0.7143219178082187
2023-11-09,0.6902123287671245
2023-11-10,0.7441780821917803
2023-11-13,0.7230479452054794
2023-11-14,0.7874109589041094
2023-11-16,0.7851575342465758
2023-11-17,0.7656917808219195
2023-11-20,0.7807876712328756
2023-11-21,0.7223767123287672
2023-11-22,0.731691780821917
2023-11-23,0.7343082191780823
2023-11-24,0.7752328767123284
2023-11-27,0.8444383561643836
2023-11-28,0.7696780821917795
2023-11-29,0.6970547945205485
2023-11-30,0.6881849315068482
2023-12-01,0.8597191780821927
2023-12-04,0.8885273972602743
2023-12-05,0.8522945205479466
2023-12-06,0.8118493150684927
2023-12-07,0.8239315068493145
2023-12-08,0.8722123287671231
2023-12-11,0.8361575342465759
2023-12-12,0.9162397260273991
2023-12-13,0.9371780821917799
2023-12-14,0.933527397260276
2023-12-15,0.8963356164383569
2023-12-18,0.8588767123287671
2023-12-19,0.8396438356164371
2023-12-20,0.819212328767124
2023-12-21,0.7594452054794516
2023-12-22,0.7202191780821909
2023-12-26,0.6841232876712322
2023-12-27,0.6951780821917826
2023-12-28,0.6269178082191793
2024-01-02,0.709753424657535
2024-01-03,0.7292602739726011
2024-01-04,0.7688356164383556
2024-01-05,0.7782739726027383
2024-01-08,0.8269726027397262
2024-01-09,0.8267123287671225
2024-01-10,0.8260410958904103
2024-01-11,0.7063561643835623
2024-01-12,0.7456849315068492
2024-01-15,0.7940821917808218
2024-01-16,0.8032465753424649
2024-01-17,0.8027808219178088
2024-01-18,0.91141095890411
2024-01-19,0.9008904109589047
2024-01-22,0.881013698630138
2024-01-23,0.9270410958904112
2024-01-24,0.8876712328767127
2024-01-25,0.8877671232876718
2024-01-26,0.9372465753424652
2024-01-29,0.9256849315068489
2024-01-30,0.9043835616438347
2024-01-31,0.8938356164383556
2024-02-01,0.8757945205479452
2024-02-02,0.8370547945205473
2024-02-05,0.8625136986301385
2024-02-06,0.8415205479452048
2024-02-07,0.9100000000000001
2024-02-08,0.8840753424657528
2024-02-09,0.8897054794520542
2024-02-14,0.9303356164383576
2024-02-15,0.9004931506849321
2024-02-16,0.9350547945205481
2024-02-19,0.8694041095890412
2024-02-20,0.8596575342465762
2024-02-21,0.8735547945205493
2024-02-22,0.8945410958904105
2024-02-23,0.8941438356164362
2024-02-26,0.9006712328767126
2024-02-27,0.9429109589041111
2024-02-28,0.9708561643835623
2024-02-29,0.9395479452054794
2024-03-01,0.9540273972602744
2024-03-04,0.9474657534246571
2024-03-05,0.9186849315068493
2024-03-06,0.9364246575342463
2024-03-07,0.918595890410959
2024-03-08,0.958561643835619
2024-03-11,1.004061643835616
2024-03-12,0.9963698630136992
2024-03-13,1.0058219178082197
2024-03-14,0.9922602739726027
2024-03-15,1.0097260273972601
2024-03-18,1.015178082191781
2024-03-19,1.0282876712328761
2024-03-20,1.036986301369863
2024-03-21,0.9479726027397284
2024-03-22,1.036993150684932
2024-03-25,1.040815068493151
2024-03-26,1.0236986301369857
2024-03-27,1.00049315068493
2024-03-28,1.0202328767123277
2024-04-01,1.040452054794521
2024-04-02,1.1198356164383547
2024-04-03,1.1353767123287657
2024-04-04,1.1409589041095884
2024-04-05,1.1600958904109575
2024-04-08,1.137876712328767
2024-04-09,1.113883561643835
2024-04-10,1.1732123287671232
2024-04-11,1.0892808219178072
2024-04-12,1.123260273972603
2024-04-15,1.1384246575342463
2024-04-16,1.1390684931506865
2024-04-17,1.119547945205479
2024-04-18,0.7840410958904123
2024-04-19,0.7570342465753424
2024-04-22,0.8823767123287674
2024-04-23,0.9079452054794519
2024-04-24,0.8822602739726033
2024-04-25,0.868732876712329
2024-04-26,0.9882328767123294
2024-04-29,1.0926027397260274
2024-04-30,1.1184178082191778
2024-05-02,1.0684794520547936
2024-05-03,1.009383561643837
2024-05-06,0.9657602739726023
2024-05-07,0.9762260273972618
2024-05-08,0.9206849315068482
2024-05-09,1.1165000000000003
2024-05-10,1.0508219178082179
2024-05-13,1.0693150684931503
2024-05-14,0.9674726027397256
2024-05-15,0.9633972602739718
2024-05-16,0.8860547945205486
2024-05-17,0.9165479452054797
2024-05-20,0.9126986301369868
2024-05-21,0.8795205479452068
2024-05-22,0.8998219178082199
2024-05-23,0.8520205479452052
2024-05-24,0.7927808219178072
2024-05-27,0.7976506849315061
2024-05-28,0.8829109589041106
2024-05-29,0.929047945205479
2024-05-31,0.9192397260273957
2024-06-03,0.873835616438356
2024-06-04,0.8501301369863015
2024-06-05,0.837191780821918
2024-06-06,0.7420890410958894
2024-06-07,0.7770205479452059
2024-06-10,0.6682945205479456
2024-06-11,0.5383219178082204
2024-06-12,0.6486301369863021
2024-06-13,0.7485821917808213
2024-06-14,0.785499999999999
2024-06-17,0.5931506849315067
2024-06-18,0.5764999999999993
2024-06-19,0.6088904109589031
2024-06-20,0.602164383561643
2024-06-21,0.6276575342465751
2024-06-24,0.6435479452054782
2024-06-25,0.6606506849315075
2024-06-26,0.6846506849315066
2024-06-27,0.6806164383561644
2024-06-28,0.6424863013698641
2024-07-01,0.5361506849315081
2024-07-02,0.41249999999999964
2024-07-03,0.493986301369862
2024-07-04,0.5379178082191771
2024-07-05,0.5844178082191789
2024-07-08,0.5090821917808217
2024-07-09,0.5056917808219197
2024-07-10,0.5551575342465753
2024-07-11,0.4526027397260286
2024-07-12,0.44260273972602704
2024-07-15,0.4427054794520551
2024-07-16,0.5184931506849306
2024-07-17,0.5372602739726045
2024-07-18,0.5281643835616432
2024-07-19,0.5737602739726029
2024-07-22,0.471335616438358
2024-07-23,0.4494657534246578
2024-07-24,0.46851369863013836
2024-07-25,0.36798630136986077
2024-07-26,0.2831027397260293
2024-07-29,0.27002739726027336
2024-07-30,0.2127534246575351
2024-07-31,0.22485616438356004
2024-08-01,0.30489726027397346
2024-08-02,0.3196164383561655
2024-08-05,0.43281506849315043
2024-08-06,0.25273972602739825
2024-08-07,0.19523972602739725
2024-08-08,0.21175342465753388
2024-08-09,0.013650684931505452
2024-08-12,0.0008150684931518271
2024-08-13,-0.04269863013698583
2024-08-14,0.0211780821917813
2024-08-15,0.012410958904109037
2024-08-16,-0.052534246575341115
2024-08-19,-0.12526712328767076
2024-08-20,0.05939726027397363
2024-08-21,0.05547945205479543
2024-08-22,0.12441095890410914
2024-08-23,0.14787671232876676
2024-08-26,0.17222602739725978
2024-08-27,0.21213013698630157
2024-08-28,0.15312328767123162
2024-08-29,0.13829452054794444
2024-08-30,0.10845890410958958
2024-09-02,0.27612328767123273
2024-09-03,0.07800684931506652
2024-09-04,0.21434931506849253
2024-09-05,0.18075342465753508
2024-09-06,0.18319178082191812
2024-09-09,0.12277397260274014
2024-09-10,0.06462328767123182
2024-09-11,0.0523630136986295
2024-09-12,0.04394520547945291
2024-09-13,0.14449999999999896
2024-09-16,0.16604794520548083
2024-09-17,0.20878767123287645
2024-09-18,0.2193356164383573
2024-09-19,0.09783561643835448
2024-09-20,0.09297945205479508
2024-09-23,0.22407534246575267
2024-09-24,0.13523972602739676
2024-09-25,0.12499999999999822
2024-09-26,0.046609589041095134
2024-09-27,0.03831506849315147
2024-09-30,-0.021130136986302617
2024-10-01,0.08004109589040986
2024-10-02,0.03491780821917878
2024-10-03,0.05471232876712406
2024-10-04,-0.029239726027396884
2024-10-07,-0.08031506849315129
2024-10-08,-0.13573972602739737
2024-10-09,-0.13856164383561875
2024-10-10,-0.1812671232876717
2024-10-11,-0.23485616438355983
2024-10-14,-0.1780616438356155
2024-10-15,-0.14982876712328874
2024-10-16,-0.14251369863013608
2024-10-17,-0.054664383561643604
2024-10-18,-0.011219178082191306
2024-10-21,-0.05200684931506849
2024-10-22,-0.0034726027397251613
2024-10-23,-0.0750136986301353
2024-10-24,-0.08902054794520531
2024-10-25,-0.142636986301369
2024-10-28,-0.139958904109589
2024-10-29,-0.06955479452054725
2024-10-30,-0.07732876712328896
2024-10-31,-0.15967123287671114
2024-11-01,-0.1410205479452049
2024-11-04,-0.1877054794520543
2024-11-05,-0.16981506849315053
2024-11-06,-0.2188287671232878
2024-11-07,-0.3098424657534249
2024-11-08,-0.41534246575342415
2024-11-11,-0.5133972602739743
2024-11-12,-0.5221986301369839
2024-11-13,-0.4781095890410967
2024-11-14,-0.5157191780821933
2024-11-18,-0.48758904109589096
2024-11-19,-0.5249657534246577
2024-11-21,-0.4439246575342448
2024-11-22,-0.4828150684931529
2024-11-25,-0.4814999999999987
2024-11-26,-0.5183287671232861
2024-11-27,-0.5008219178082172
2024-11-28,-0.4298082191780832
2024-11-29,-0.40873287671232816
2024-12-02,-0.5706027397260272
2024-12-03,-0.5469657534246561
2024-12-04,-0.4109931506849307
2024-12-05,-0.5528561643835612
2024-12-06,-0.7001986301369882
2024-12-09,-0.7675684931506872
2024-12-10,-0.8337876712328764
2024-12-11,-1.0056232876712308
2024-12-12,-1.1525205479452065
2024-12-13,-1.1216369863013682
2024-12-16,-0.8807739726027393
2024-12-17,-0.731561643835617
2024-12-18,-0.9918698630136991
2024-12-19,-0.9499657534246584
2024-12-20,-0.9111780821917801
2024-12-23,-0.8882465753424658
2024-12-26,-1.0193493150684922
2024-12-27,-0.8056232876712333
2024-12-30,-0.6627191780821917
2025-01-02,-0.6798974008207939
2025-01-03,-0.8045383036935707
2025-01-06,-0.769134746922024
2025-01-07,-0.8483105335157308
2025-01-08,-0.6990253077975375
2025-01-09,-0.5247093023255793
2025-01-10,-0.479155266757866
2025-01-13,-0.3011969904240779
2025-01-14,-0.1674008207934321
2025-01-15,-0.26599179206566426
2025-01-16,-0.34862175102599124
2025-01-17,-0.14556429548563798
2025-01-20,-0.06646716826265298
2025-01-21,-0.050280437756498486
2025-01-22,-0.08088235294117574
2025-01-23,-0.129999999999999
2025-01-24,-0.1640355677154588
2025-01-27,-0.23619357045143552
2025-01-28,-0.22604993160054931
2025-01-29,-0.1622708618331039
2025-01-30,0.07197332421340619
2025-01-31,0.040417236662106504
2025-02-03,-0.1253630136986299
2025-02-04,-0.34467808219177876
2025-02-05,-0.34249315068493225
2025-02-06,-0.25849999999999973
2025-02-07,-0.2045890410958915
2025-02-10,-0.2622397260273974
2025-02-11,-0.11976712328767114
2025-02-12,-0.1383561643835609
2025-02-13,0.004767123287670927
2025-02-14,-0.012684931506848685
2025-02-17,-0.16787671232876633
2025-02-18,-0.11006849315068656
2025-02-19,-0.07830136986301284
2025-02-20,-0.05478082191780764
2025-02-21,0.1255205479452055
2025-02-24,0.23493150684931585
2025-02-25,0.28944520547945274
2025-02-26,0.38506164383561625
2025-02-27,0.2605136986301382
2025-02-28,0.24320547945205462
2025-03-05,0.2717397260273984
2025-03-06,0.2153013698630133
2025-03-07,0.3864109589041096
2025-03-10,0.245013698630137
2025-03-11,0.26523287671232865
2025-03-12,0.21931506849315063
2025-03-13,0.3897945205479463
2025-03-14,0.3018493150684929
2025-03-17,0.2768904109589041
2025-03-18,0.309582191780823
2025-03-19,0.2188356164383567
2025-03-20,0.1102191780821915
2025-03-21,0.2074726027397258
2025-03-24,0.11133561643835499
2025-03-25,0.11503424657534289
2025-03-26,0.09319863013698537
2025-03-27,0.1766232876712337
2025-03-28,0.1493630136986308
2025-03-31,0.1403630136986287
2025-04-01,0.2008698630136987
2025-04-02,0.22388356164383438
2025-04-03,0.3344178082191789
2025-04-04,0.7721438356164381
2025-04-07,0.6833356164383559
2025-04-08,0.6217465753424669
2025-04-09,0.7480958904109585
2025-04-10,0.5690753424657533
2025-04-11,0.5657945205479447
2025-04-14,0.512534246575342
2025-04-15,0.5058082191780819
2025-04-16,0.4462465753424656
2025-04-17,0.523767123287671
2025-04-22,0.46415068493150713
2025-04-23,0.6081849315068499
2025-04-24,0.6480753424657539
2025-04-25,0.5906780821917792
2025-04-28,0.5330136986301373
2025-04-29,0.46713698630137124
2025-04-30,0.43458904109589014
2025-05-02,0.31649315068493244
2025-05-05,0.28291095890410745
2025-05-06,0.18378082191780898
2025-05-07,0.10576027397260113
2025-05-08,0.15791095890410745
2025-05-09,0.082787671232877
2025-05-12,0.003335616438356226
2025-05-13,0.04469178082191583
2025-05-14,0.1682465753424669
2025-05-15,0.08792465753424494
2025-05-16,0.06478082191780743
2025-05-19,0.1803972602739723
2025-05-20,0.2919863013698638
2025-05-21,0.3393698630136992
2025-05-22,0.35731506849315053
2025-05-23,0.2961643835616421
2025-05-26,0.3714794520547944
2025-05-27,0.35959589041095974
2025-05-28,0.2669520547945208
2025-05-29,0.22308219178082211
2025-05-30,0.1554589041095884
2025-06-02,0.11345890410959036
2025-06-03,0.10476027397260168
2025-06-04,0.04299315068493037
2025-06-05,0.00579452054794416
2025-06-06,0.04438356164383528
2025-06-09,0.0913082191780834
2025-06-10,0.11266438356164343
2025-06-11,0.09056849315068582
2025-06-12,0.02486301369863142
2025-06-13,0.06017123287671211
2025-06-16,0.04545205479452008
2025-06-17,0.010753424657533373
2025-06-18,0.016595890410957992
2025-06-20,-0.019034246575342806
2025-06-23,-0.11201369863013788
2025-06-24,-0.042732876712328505
2025-06-25,0.06436301369862996
2025-06-26,0.07882191780822012
2025-06-27,0.07756849315068592
2025-06-30,0.030999999999998806
2025-07-01,-0.20721917808219104
2025-07-02,-0.20500000000000007
2025-07-03,-0.2204041095890421
2025-07-04,-0.1485273972602723
2025-07-07,-0.16499999999999915
2025-07-08,-0.09332876712328897
2025-07-09,-0.03897945205479303
2025-07-10,0.023150684931506404
2025-07-11,-0.04798630136986226
2025-07-14,-0.03764383561643925
2025-07-15,0.07279452054794433
2025-07-16,0.12917123287671117
2025-07-17,0.1990753424657541
2025-07-18,0.08858219178082294
2025-07-21,0.13123287671233008
2025-07-22,0.1673287671232888
2025-07-23,0.17567123287671293
2025-07-24,0.24176712328767103
2025-07-25,0.2921780821917821
2025-07-28,0.2956027397260268
2025-07-29,0.2765136986301382
2025-07-30,0.2033287671232884
2025-07-31,0.1661301369863022
2025-08-01,0.14095890410959022
2025-08-04,0.2058150684931519
2025-08-05,0.22961643835616385
2025-08-06,0.23743150684931535
2025-08-07,0.22914383561643703
2025-08-08,0.1808904109589058
2025-08-11,0.174520547945205
2025-08-12,0.1647534246575333
2025-08-13,0.31669863013698674
2025-08-14,0.2920205479452065
2025-08-15,0.3243835616438364
2025-08-18,0.3238493150684931
2025-08-19,0.3778493150684934
2025-08-20,0.3705479452054803
2025-08-21,0.45037671232876697
2025-08-22,0.47302739726027454
2025-08-25,0.5294041095890396
2025-08-26,0.5181849315068483
2025-08-27,0.49992465753424575
2025-08-28,0.5247876712328772
2025-08-29,0.4365821917808219
2025-09-01,0.4319520547945217
2025-09-02,0.5035684931506843
2025-09-03,0.49865068493150844
2025-09-04,0.5103356164383559
2025-09-05,0.5355821917808221
2025-09-08,0.47139041095890377
2025-09-09,0.4263219178082185
2025-09-10,0.38119863013698563
2025-09-11,0.3422739726027402
2025-09-12,0.2941369863013694
2025-09-15,0.23678082191780803
2025-09-16,0.24867123287671156
2025-09-17,0.19189041095890502
2025-09-18,0.09813698630136969
2025-09-19,0.15434246575342492
2025-09-22,0.13827397260273955
2025-09-23,0.21008219178082221
2025-09-24,0.19244520547945143
2025-09-25,0.13434931506849423
2025-09-26,0.11418493150684839
2025-09-29,0.2296506849315083
2025-09-30,0.20400684931506774
2025-10-01,0.18580136986301277
2025-10-02,0.1525547945205492
2025-10-03,0.23268493150684932
2025-10-06,0.22202739726027332
2025-10-07,0.2711643835616435
2025-10-08,0.31382876712328667
2025-10-09,0.3273150684931512
2025-10-10,0.36777397260273936
2025-10-13,0.43456164383561635
2025-10-14,0.4792397260273962
2025-10-15,0.46215753424657535
2025-10-16,0.3731986301369865
2025-10-17,0.47692465753424607
2025-10-20,0.4498287671232877
2025-10-21,0.4756095890410954
2025-10-22,0.4602465753424667
2025-10-23,0.5071849315068491
2025-10-24,0.5270753424657535
2025-10-27,0.5052808219178093
2025-10-28,0.48248630136986215
2025-10-29,0.4977876712328779
2025-10-30,0.5546917808219174
2025-10-31,0.5096369863013681
2025-11-03,0.5150205479452055
2025-11-04,0.5360273972602734
2025-11-05,0.597835616438358
2025-11-06,0.5150821917808237
2025-11-07,0.5399589041095876
2025-11-10,0.55123287671233
2025-11-11,0.5848493150684941
2025-11-12,0.6237123287671231
2025-11-13,0.6530000000000005
2025-11-14,0.7182534246575347
2025-11-17,0.6758767123287672
2025-11-18,0.6725342465753421
2025-11-19,0.6943150684931503
2025-11-21,0.6856575342465749
2025-11-24,0.631164383561643
2025-11-25,0.690999999999999
2025-11-26,0.7219178082191782
2025-11-27,0.6628904109589051
2025-11-28,0.5552945205479443
2025-12-01,0.5106712328767102
2025-12-02,0.47100000000000186
2025-12-03,0.42104794520547983
2025-12-04,0.4408561643835611
2025-12-05,0.42300684931506893
2025-12-08,0.4423356164383545
2025-12-09,0.456404109589041
2025-12-10,0.5752465753424651
2025-12-11,0.5291095890410968
2025-12-12,0.6076780821917822
2025-12-15,0.6312945205479448
2025-12-16,0.5949452054794513
2025-12-17,0.5791438356164385
2025-12-18,0.6003972602739722
2025-12-19,0.5821917808219172
2025-12-22,0.6159452054794521
2025-12-23,0.6382397260273969
2025-12-26,0.6317876712328765
2025-12-29,0.6761643835616429
2025-12-30,0.6574726027397269
2026-01-02,0.5694467213114756
2026-01-05,0.568463114754099
2026-01-06,0.6980464480874318
2026-01-07,0.737868852459016
2026-01-08,0.7375409836065554
2026-01-09,0.6675614754098351
2026-01-12,0.6565437158469951
2026-01-13,0.6565846994535516
2026-01-14,0.725758196721312
2026-01-15,0.6858401639344258
2026-01-16,0.6847062841530072
2026-01-19,0.7036816939890702
2026-01-20,0.7617418032786905
2026-01-21,0.7813183060109292
2026-01-22,0.7914822404371584
2026-01-23,0.7723155737704914
2026-01-26,0.6933811475409843
2026-01-27,0.6834836065573757
2026-01-28,0.6439890710382503
2026-01-29,0.7137704918032775
2026-01-30,0.7431489071038246
2026-02-02,0.8418235181987388
2026-02-03,0.8453613584206057
2026-02-04,0.9123970644300421
2026-02-05,0.918627413603641
2026-02-06,0.9474527557877899
2026-02-09,1.014680148460453
2026-02-10,0.952734380256107
2026-02-11,0.907563073265905
2026-02-12,1.0144826777451357
2026-02-13,0.9842369816779168
2026-02-18,0.9256587745658695
2026-02-19,0.934115264291
2026-02-20,0.9925171092073874
2026-02-23,1.0310491466887939
2026-02-24,1.0293007183811387
2026-02-25,0.9393272184970041
2026-02-26,0.927592432703161
2026-02-27,0.8789450786033051
2026-03-02,0.8733661594641653
2026-03-03,0.8056603070126247
2026-03-04,0.8378724499712202
2026-03-05,0.7984668804616764
2026-03-06,0.7735317664999659
2026-03-09,0.8282191473615761
2026-03-10,0.7093792095564861
2026-03-11,0.7028765894463014
2026-03-12,0.5374574185373735
2026-03-13,0.5693440660671438
2026-03-16,0.37379919714740595
2026-03-17,0.3496857923497263
2026-03-18,0.20000000000000107
2026-03-19,0.3848784881852101
2026-03-20,0.24106411607723466
2026-03-23,0.04110352986028332
2026-03-24,0.21935945594402462
2026-03-25,0.3031451787729953
2026-03-26,0.23845628415300446
2026-03-27,0.07649590163934405
2026-03-30,0.11119864434527216
2026-03-31,0.1925494774730332
2026-04-01,0.2875768185657783
2026-04-02,0.22124487004104054
2026-04-06,0.24759412400110747
2026-04-07,0.18185468106418945
2026-04-08,0.35297674979255866
2026-04-09,0.36537251538053184
2026-04-10,0.3126558236714434
2026-04-13,0.10160026686999579
2026-04-14,0.18675248368504782
2026-04-15,0.3371047688995539
2026-04-16,0.3579567065102811
2026-04-17,0.28034945392568034
2026-04-20,0.3669528324101261
2026-04-22,0.2693573161250775
2026-04-23,0.2980390661792729
2026-04-24,0.2527480134257303
2026-04-27,0.19454451757828828
2026-04-28,0.11802595628415169
2026-04-29,0.10986118274988321
2026-04-30,0.14836748633879715
2026-05-04,0.1666256830601096
2026-05-05,0.174897540983606
2026-05-06,0.3497041256456832
2026-05-07,0.3713503378858203
2026-05-08,0.37605665941557653
2026-05-11,0.3175116895786143
2026-05-12,0.26703113670172485
2026-05-13,0.2696541062097726
2026-05-14,0.29805327868852594
2026-05-15,0.36089731298543093
2026-05-18,0.3492827868852455
2026-05-19,0.4020176063181662
2026-05-20,0.4425862001300711
2026-05-21,0.4678168240227851
2026-05-22,0.47893706129039515
2026-05-25,0.4035409424921319
2026-05-26,0.37223360655737814
2026-05-27,0.32497677969395866
2026-05-28,0.3357363686992141
2026-05-29,0.32847954183579553
2026-06-01,0.26602058150747787
2026-06-02,0.2129086867305059
2026-06-03,0.20466815986783615
2026-06-05,0.2283869409372592
